日期,收盘,开盘,高,低
2026/5/22,"7,473.47","7,468.82","7,506.32","7,463.29"
2026/5/21,"7,445.72","7,410.78","7,465.96","7,389.48"
2026/5/20,"7,432.97","7,369.19","7,435.69","7,357.46"
2026/5/19,"7,353.61","7,375.75","7,395.32","7,333.68"
2026/5/18,"7,403.05","7,415.07","7,434.06","7,353.17"
2026/5/15,"7,408.50","7,445.11","7,454.85","7,397.50"
2026/5/14,"7,501.24","7,454.40","7,517.12","7,454.40"
2026/5/13,"7,444.25","7,409.12","7,460.04","7,375.13"
2026/5/12,"7,400.96","7,390.63","7,409.57","7,338.54"
2026/5/11,"7,412.84","7,385.31","7,428.97","7,384.20"
2026/5/8,"7,398.93","7,362.97","7,401.50","7,362.97"
2026/5/7,"7,337.11","7,376.78","7,385.02","7,321.25"
2026/5/6,"7,365.12","7,294.14","7,369.22","7,294.14"
2026/5/5,"7,259.22","7,233.62","7,273.26","7,233.62"
2026/5/4,"7,200.75","7,228.38","7,244.54","7,174.12"
2026/5/1,"7,230.12","7,234.54","7,272.52","7,229.32"
2026/4/30,"7,209.01","7,161.75","7,219.83","7,126.15"
2026/4/29,"7,135.95","7,131.61","7,145.63","7,107.86"
2026/4/28,"7,138.80","7,133.74","7,152.52","7,115.17"
2026/4/27,"7,173.91","7,152.72","7,178.74","7,146.72"
2026/4/24,"7,165.08","7,136.48","7,168.59","7,112.82"
2026/4/23,"7,108.40","7,118.80","7,147.78","7,046.55"
2026/4/22,"7,137.90","7,102.91","7,138.64","7,102.91"
2026/4/21,"7,064.01","7,122.64","7,137.27","7,050.20"
2026/4/20,"7,109.14","7,117.05","7,122.65","7,084.41"
2026/4/17,"7,126.06","7,074.55","7,147.52","7,074.55"
2026/4/16,"7,041.28","7,037.78","7,051.23","7,008.52"
2026/4/15,"7,022.95","6,978.17","7,026.24","6,967.13"
2026/4/14,"6,967.38","6,910.20","6,969.42","6,905.17"
2026/4/13,"6,886.24","6,806.47","6,887.00","6,790.02"
2026/4/10,"6,816.89","6,839.24","6,845.77","6,808.46"
2026/4/9,"6,824.66","6,783.69","6,835.31","6,761.55"
2026/4/8,"6,782.81","6,754.36","6,793.50","6,740.28"
2026/4/7,"6,616.85","6,601.93","6,618.26","6,534.55"
2026/4/6,"6,611.83","6,587.66","6,618.13","6,579.72"
2026/4/2,"6,582.69","6,512.61","6,601.91","6,474.94"
2026/4/1,"6,575.32","6,556.56","6,609.67","6,554.29"
2026/3/31,"6,528.52","6,395.88","6,539.05","6,395.88"
2026/3/30,"6,343.72","6,403.37","6,427.31","6,316.91"
2026/3/27,"6,368.85","6,453.89","6,453.89","6,356.08"
2026/3/26,"6,477.16","6,555.86","6,573.22","6,473.79"
2026/3/25,"6,591.90","6,598.35","6,633.94","6,568.41"
2026/3/24,"6,556.37","6,552.09","6,595.75","6,525.11"
2026/3/23,"6,581.00","6,574.96","6,651.62","6,565.55"
2026/3/20,"6,506.48","6,594.66","6,594.66","6,473.52"
2026/3/19,"6,606.49","6,583.12","6,636.74","6,557.82"
2026/3/18,"6,624.70","6,697.16","6,705.18","6,621.66"
2026/3/17,"6,716.09","6,722.35","6,754.30","6,710.80"
2026/3/16,"6,699.38","6,674.37","6,729.79","6,674.37"
2026/3/13,"6,632.19","6,673.49","6,733.30","6,623.92"
2026/3/12,"6,672.62","6,740.88","6,740.88","6,670.40"
2026/3/11,"6,775.80","6,790.09","6,811.15","6,745.59"
2026/3/10,"6,781.48","6,796.56","6,845.08","6,759.74"
2026/3/9,"6,795.99","6,699.80","6,810.44","6,636.04"
2026/3/6,"6,740.02","6,769.03","6,773.42","6,711.56"
2026/3/5,"6,830.71","6,851.08","6,870.43","6,770.78"
2026/3/4,"6,869.50","6,831.69","6,885.94","6,811.64"
2026/3/3,"6,816.63","6,800.26","6,840.05","6,710.42"
2026/3/2,"6,881.62","6,824.36","6,901.01","6,796.85"
2026/2/27,"6,878.88","6,856.54","6,882.96","6,831.74"
2026/2/26,"6,908.86","6,944.74","6,947.25","6,859.73"
2026/2/25,"6,946.13","6,915.15","6,952.51","6,915.15"
2026/2/24,"6,890.07","6,837.37","6,899.17","6,815.43"
2026/2/23,"6,837.75","6,901.25","6,916.96","6,819.82"
2026/2/20,"6,909.51","6,843.26","6,915.86","6,836.33"
2026/2/19,"6,861.89","6,861.34","6,879.12","6,833.06"
2026/2/18,"6,881.31","6,855.48","6,909.12","6,849.66"
2026/2/17,"6,843.22","6,819.86","6,866.99","6,775.50"
2026/2/13,"6,836.17","6,834.27","6,881.96","6,794.55"
2026/2/12,"6,832.76","6,957.54","6,973.22","6,824.04"
2026/2/11,"6,941.47","6,976.48","6,993.48","6,911.97"
2026/2/10,"6,941.81","6,974.49","6,986.83","6,937.53"
2026/2/9,"6,964.82","6,917.26","6,980.10","6,905.87"
2026/2/6,"6,932.30","6,816.74","6,944.89","6,816.74"
2026/2/5,"6,798.40","6,837.39","6,857.85","6,780.13"
2026/2/4,"6,882.72","6,924.50","6,936.09","6,838.80"
2026/2/3,"6,917.81","6,985.45","6,993.08","6,862.05"
2026/2/2,"6,976.44","6,916.64","6,991.92","6,914.34"
2026/1/30,"6,939.03","6,947.27","6,964.09","6,893.48"
2026/1/29,"6,969.01","6,977.74","6,992.84","6,870.80"
2026/1/28,"6,978.03","7,002.00","7,002.28","6,963.46"
2026/1/27,"6,978.60","6,965.96","6,988.82","6,958.83"
2026/1/26,"6,950.23","6,923.23","6,964.66","6,921.60"
2026/1/23,"6,915.61","6,907.85","6,932.96","6,895.50"
2026/1/22,"6,913.35","6,914.44","6,934.75","6,893.62"
2026/1/21,"6,875.62","6,810.71","6,910.39","6,804.96"
2026/1/20,"6,796.86","6,865.24","6,871.17","6,789.05"
2026/1/16,"6,940.01","6,960.54","6,967.30","6,925.09"
2026/1/15,"6,944.47","6,969.46","6,979.34","6,937.93"
2026/1/14,"6,926.60","6,937.41","6,941.30","6,885.74"
2026/1/13,"6,963.74","6,977.41","6,985.83","6,938.77"
2026/1/12,"6,977.27","6,944.12","6,986.33","6,934.07"
2026/1/9,"6,966.28","6,927.83","6,978.36","6,917.64"
2026/1/8,"6,921.46","6,914.11","6,931.28","6,899.33"
2026/1/7,"6,920.93","6,945.07","6,965.69","6,919.19"
2026/1/6,"6,944.82","6,908.03","6,948.69","6,904.02"
2026/1/5,"6,902.05","6,892.19","6,920.38","6,891.56"
2026/1/2,"6,858.47","6,878.11","6,894.87","6,824.31"
2025/12/31,"6,845.50","6,898.82","6,901.42","6,844.55"
2025/12/30,"6,896.24","6,900.44","6,913.25","6,893.47"
2025/12/29,"6,905.74","6,903.60","6,920.21","6,888.76"
2025/12/26,"6,929.94","6,936.02","6,945.77","6,921.60"
2025/12/24,"6,932.05","6,904.91","6,937.32","6,904.91"
2025/12/23,"6,909.79","6,872.41","6,910.88","6,868.81"
2025/12/22,"6,878.49","6,865.21","6,882.03","6,855.74"
2025/12/19,"6,834.50","6,792.62","6,840.02","6,792.62"
2025/12/18,"6,774.76","6,778.06","6,816.13","6,758.50"
2025/12/17,"6,721.43","6,802.88","6,812.26","6,720.43"
2025/12/16,"6,800.26","6,800.12","6,819.27","6,759.74"
2025/12/15,"6,816.51","6,860.19","6,861.59","6,801.49"
2025/12/12,"6,827.41","6,886.85","6,899.85","6,801.79"
2025/12/11,"6,901.00","6,861.30","6,903.46","6,833.45"
2025/12/10,"6,886.68","6,833.49","6,900.67","6,824.69"
2025/12/9,"6,840.51","6,840.61","6,864.92","6,837.43"
2025/12/8,"6,846.51","6,875.20","6,878.27","6,827.19"
2025/12/5,"6,870.40","6,866.32","6,895.78","6,858.29"
2025/12/4,"6,857.12","6,866.47","6,866.47","6,827.12"
2025/12/3,"6,849.72","6,815.29","6,862.42","6,810.43"
2025/12/2,"6,829.37","6,830.96","6,851.55","6,806.71"
2025/12/1,"6,812.63","6,812.30","6,843.65","6,799.94"
2025/11/28,"6,849.09","6,822.52","6,850.86","6,819.75"
2025/11/26,"6,812.61","6,793.55","6,831.44","6,783.87"
2025/11/25,"6,765.88","6,697.03","6,776.40","6,659.98"
2025/11/24,"6,705.12","6,636.54","6,715.75","6,630.70"
2025/11/21,"6,602.99","6,555.77","6,660.05","6,521.92"
2025/11/20,"6,538.76","6,737.93","6,770.35","6,534.05"
2025/11/19,"6,642.16","6,625.84","6,689.75","6,603.50"
2025/11/18,"6,617.32","6,641.19","6,666.63","6,574.32"
2025/11/17,"6,672.41","6,713.61","6,754.50","6,638.90"
2025/11/14,"6,734.11","6,672.14","6,774.31","6,646.87"
2025/11/13,"6,737.49","6,826.47","6,828.05","6,724.72"
2025/11/12,"6,850.92","6,867.77","6,869.91","6,829.62"
2025/11/11,"6,846.61","6,815.64","6,855.13","6,806.87"
2025/11/10,"6,832.43","6,785.36","6,841.32","6,770.56"
2025/11/7,"6,728.80","6,696.18","6,730.11","6,631.44"
2025/11/6,"6,720.32","6,787.59","6,796.68","6,707.51"
2025/11/5,"6,796.29","6,769.77","6,829.78","6,763.11"
2025/11/4,"6,771.55","6,788.52","6,820.21","6,766.71"
2025/11/3,"6,851.97","6,882.32","6,882.32","6,820.62"
2025/10/31,"6,840.20","6,879.17","6,879.17","6,814.26"
2025/10/30,"6,822.34","6,860.50","6,880.75","6,820.69"
2025/10/29,"6,890.59","6,910.95","6,920.34","6,851.91"
2025/10/28,"6,890.89","6,897.74","6,911.30","6,870.73"
2025/10/27,"6,875.16","6,845.46","6,877.28","6,843.94"
2025/10/24,"6,791.69","6,772.07","6,807.11","6,772.07"
2025/10/23,"6,738.44","6,703.65","6,749.53","6,700.14"
2025/10/22,"6,699.40","6,741.34","6,741.75","6,655.69"
2025/10/21,"6,735.35","6,736.75","6,752.16","6,722.03"
2025/10/20,"6,735.13","6,690.05","6,744.35","6,690.05"
2025/10/17,"6,664.01","6,613.27","6,678.88","6,603.76"
2025/10/16,"6,629.07","6,689.02","6,709.34","6,593.99"
2025/10/15,"6,671.06","6,688.27","6,724.12","6,612.11"
2025/10/14,"6,644.31","6,602.49","6,680.70","6,555.07"
2025/10/13,"6,654.72","6,622.53","6,668.68","6,620.71"
2025/10/10,"6,552.51","6,740.49","6,762.40","6,550.78"
2025/10/9,"6,735.11","6,760.50","6,764.58","6,716.17"
2025/10/8,"6,753.72","6,723.87","6,755.64","6,718.09"
2025/10/7,"6,714.59","6,746.14","6,754.49","6,699.96"
2025/10/6,"6,740.28","6,733.86","6,749.52","6,717.78"
2025/10/3,"6,715.79","6,722.14","6,750.87","6,705.67"
2025/10/2,"6,715.35","6,731.31","6,731.94","6,693.23"
2025/10/1,"6,711.20","6,664.92","6,718.48","6,656.20"
2025/9/30,"6,688.46","6,656.19","6,691.25","6,641.00"
2025/9/29,"6,661.21","6,661.58","6,677.31","6,644.49"
2025/9/26,"6,643.70","6,615.38","6,648.97","6,604.43"
2025/9/25,"6,604.72","6,608.19","6,619.00","6,569.22"
2025/9/24,"6,637.97","6,669.79","6,672.66","6,621.76"
2025/9/23,"6,656.92","6,692.44","6,699.52","6,645.58"
2025/9/22,"6,693.75","6,654.28","6,698.88","6,648.07"
2025/9/19,"6,664.36","6,647.11","6,671.82","6,630.31"
2025/9/18,"6,631.96","6,626.85","6,656.80","6,611.89"
2025/9/17,"6,600.35","6,604.87","6,624.39","6,551.15"
2025/9/16,"6,606.76","6,624.13","6,626.99","6,600.11"
2025/9/15,"6,615.28","6,603.49","6,619.62","6,602.07"
2025/9/12,"6,584.29","6,590.66","6,600.21","6,579.49"
2025/9/11,"6,587.47","6,554.41","6,592.89","6,545.80"
2025/9/10,"6,532.04","6,550.29","6,555.97","6,516.34"
2025/9/9,"6,512.61","6,503.33","6,518.23","6,483.08"
2025/9/8,"6,495.15","6,498.09","6,508.67","6,483.29"
2025/9/5,"6,481.50","6,529.08","6,532.65","6,443.98"
2025/9/4,"6,502.08","6,456.60","6,502.54","6,445.98"
2025/9/3,"6,448.26","6,445.82","6,453.67","6,416.17"
2025/9/2,"6,415.54","6,401.51","6,416.54","6,360.58"
2025/8/29,"6,460.26","6,489.28","6,491.76","6,444.57"
2025/8/28,"6,501.86","6,483.84","6,508.23","6,466.96"
2025/8/27,"6,481.40","6,462.26","6,487.06","6,457.84"
2025/8/26,"6,465.94","6,435.49","6,468.37","6,429.21"
2025/8/25,"6,439.32","6,457.67","6,466.89","6,438.06"
2025/8/22,"6,466.91","6,384.59","6,478.89","6,384.59"
2025/8/21,"6,370.17","6,380.83","6,393.65","6,352.71"
2025/8/20,"6,395.78","6,406.62","6,408.40","6,343.86"
2025/8/19,"6,411.37","6,446.24","6,456.48","6,400.22"
2025/8/18,"6,449.15","6,445.02","6,455.35","6,437.70"
2025/8/15,"6,449.80","6,477.38","6,481.34","6,441.85"
2025/8/14,"6,468.54","6,453.46","6,473.92","6,441.07"
2025/8/13,"6,466.58","6,462.67","6,480.28","6,445.02"
2025/8/12,"6,445.76","6,395.17","6,446.55","6,385.76"
2025/8/11,"6,373.45","6,389.67","6,407.25","6,364.06"
2025/8/8,"6,389.45","6,355.22","6,395.16","6,355.22"
2025/8/7,"6,340.00","6,374.32","6,389.71","6,310.32"
2025/8/6,"6,345.06","6,309.30","6,352.83","6,301.11"
2025/8/5,"6,299.19","6,336.63","6,346.00","6,289.37"
2025/8/4,"6,329.94","6,271.71","6,330.69","6,271.71"
2025/8/1,"6,238.01","6,287.28","6,287.28","6,212.69"
2025/7/31,"6,339.39","6,427.02","6,427.02","6,327.64"
2025/7/30,"6,362.90","6,381.23","6,396.54","6,336.38"
2025/7/29,"6,370.86","6,405.62","6,409.26","6,363.92"
2025/7/28,"6,389.77","6,397.69","6,401.07","6,375.79"
2025/7/25,"6,388.64","6,370.01","6,395.82","6,368.53"
2025/7/24,"6,363.35","6,368.60","6,381.31","6,360.57"
2025/7/23,"6,358.91","6,326.90","6,360.64","6,317.49"
2025/7/22,"6,309.62","6,306.60","6,316.12","6,281.71"
2025/7/21,"6,305.60","6,304.74","6,336.08","6,303.79"
2025/7/18,"6,296.79","6,312.95","6,315.61","6,285.27"
2025/7/17,"6,297.36","6,263.40","6,304.69","6,262.27"
2025/7/16,"6,263.70","6,254.50","6,268.12","6,201.59"
2025/7/15,"6,243.76","6,295.29","6,302.04","6,241.68"
2025/7/14,"6,268.56","6,255.15","6,273.31","6,239.22"
2025/7/11,"6,259.75","6,255.68","6,269.44","6,237.60"
2025/7/10,"6,280.46","6,266.80","6,290.22","6,251.44"
2025/7/9,"6,263.26","6,243.33","6,269.16","6,231.43"
2025/7/8,"6,225.52","6,234.03","6,242.70","6,217.75"
2025/7/7,"6,229.98","6,259.04","6,262.07","6,201.00"
2025/7/3,"6,279.35","6,246.46","6,284.65","6,246.46"
2025/7/2,"6,227.42","6,193.88","6,227.60","6,188.29"
2025/7/1,"6,198.01","6,187.25","6,210.78","6,177.97"
2025/6/30,"6,204.95","6,193.36","6,215.08","6,174.97"
2025/6/27,"6,173.07","6,150.70","6,187.68","6,132.35"
2025/6/26,"6,141.02","6,112.09","6,146.52","6,107.27"
2025/6/25,"6,092.16","6,104.23","6,108.51","6,080.09"
2025/6/24,"6,092.18","6,061.21","6,101.76","6,059.25"
2025/6/23,"6,025.17","5,969.67","6,028.77","5,943.23"
2025/6/20,"5,967.84","5,999.67","6,018.20","5,952.56"
2025/6/18,"5,980.87","5,987.93","6,018.25","5,971.89"
2025/6/17,"5,982.72","6,012.15","6,023.25","5,974.80"
2025/6/16,"6,033.11","6,004.00","6,050.83","6,004.00"
2025/6/13,"5,976.97","6,000.56","6,026.16","5,963.21"
2025/6/12,"6,045.26","6,009.90","6,045.43","6,003.88"
2025/6/11,"6,022.24","6,049.38","6,059.40","6,002.32"
2025/6/10,"6,038.81","6,009.91","6,043.01","6,000.28"
2025/6/9,"6,005.88","6,004.63","6,021.31","5,994.18"
2025/6/6,"6,000.36","5,987.06","6,016.87","5,978.63"
2025/6/5,"5,939.30","5,985.67","5,999.70","5,921.20"
2025/6/4,"5,970.81","5,978.94","5,990.48","5,966.11"
2025/6/3,"5,970.37","5,938.56","5,981.35","5,929.00"
2025/6/2,"5,935.94","5,896.68","5,937.40","5,861.43"
2025/5/30,"5,911.69","5,903.67","5,922.14","5,843.66"
2025/5/29,"5,912.17","5,939.96","5,943.13","5,873.80"
2025/5/28,"5,888.55","5,925.54","5,939.92","5,881.88"
2025/5/27,"5,921.54","5,854.07","5,924.33","5,854.07"
2025/5/23,"5,802.82","5,781.89","5,829.51","5,767.41"
2025/5/22,"5,842.01","5,841.26","5,878.08","5,825.82"
2025/5/21,"5,844.61","5,910.18","5,938.37","5,830.91"
2025/5/20,"5,940.46","5,944.66","5,953.06","5,909.26"
2025/5/19,"5,963.60","5,902.88","5,968.61","5,895.69"
2025/5/16,"5,958.38","5,929.09","5,958.62","5,907.36"
2025/5/15,"5,916.93","5,869.82","5,924.21","5,865.16"
2025/5/14,"5,892.58","5,896.74","5,906.55","5,872.11"
2025/5/13,"5,886.55","5,854.15","5,906.64","5,845.02"
2025/5/12,"5,844.19","5,807.20","5,845.37","5,786.08"
2025/5/9,"5,659.91","5,679.65","5,691.69","5,644.15"
2025/5/8,"5,663.94","5,663.60","5,720.10","5,635.38"
2025/5/7,"5,631.28","5,614.18","5,654.73","5,578.64"
2025/5/6,"5,606.91","5,605.87","5,649.58","5,586.04"
2025/5/5,"5,650.38","5,655.32","5,683.38","5,634.48"
2025/5/2,"5,686.67","5,645.88","5,700.70","5,642.28"
2025/5/1,"5,604.14","5,625.14","5,658.91","5,597.35"
2025/4/30,"5,569.06","5,499.44","5,581.84","5,433.24"
2025/4/29,"5,560.83","5,508.87","5,571.95","5,505.70"
2025/4/28,"5,528.75","5,529.22","5,553.66","5,468.64"
2025/4/25,"5,525.21","5,489.73","5,528.11","5,455.86"
2025/4/24,"5,484.77","5,381.38","5,489.40","5,371.96"
2025/4/23,"5,375.86","5,395.92","5,469.69","5,356.17"
2025/4/22,"5,287.76","5,207.67","5,309.61","5,207.67"
2025/4/21,"5,158.20","5,232.94","5,232.94","5,101.63"
2025/4/17,"5,282.70","5,305.45","5,328.31","5,255.58"
2025/4/16,"5,275.70","5,335.75","5,367.24","5,220.79"
2025/4/15,"5,396.63","5,411.99","5,450.41","5,386.44"
2025/4/14,"5,405.97","5,441.96","5,459.46","5,358.02"
2025/4/11,"5,363.36","5,255.56","5,381.46","5,220.77"
2025/4/10,"5,268.05","5,353.15","5,353.15","5,115.27"
2025/4/9,"5,456.90","4,965.28","5,481.34","4,948.43"
2025/4/8,"4,982.77","5,193.57","5,267.47","4,910.42"
2025/4/7,"5,062.25","4,953.79","5,246.57","4,835.04"
2025/4/4,"5,074.08","5,292.14","5,292.14","5,069.90"
2025/4/3,"5,396.52","5,492.74","5,499.53","5,390.83"
2025/4/2,"5,670.97","5,580.76","5,695.31","5,571.48"
2025/4/1,"5,633.07","5,597.53","5,650.57","5,558.52"
2025/3/31,"5,611.85","5,527.91","5,627.56","5,488.73"
2025/3/28,"5,580.94","5,679.20","5,685.89","5,572.42"
2025/3/27,"5,693.31","5,695.64","5,732.28","5,670.94"
2025/3/26,"5,712.20","5,771.66","5,783.62","5,694.41"
2025/3/25,"5,776.65","5,775.96","5,786.95","5,760.42"
2025/3/24,"5,767.57","5,718.08","5,775.14","5,718.08"
2025/3/21,"5,667.56","5,630.73","5,670.84","5,603.10"
2025/3/20,"5,662.89","5,646.92","5,711.15","5,632.33"
2025/3/19,"5,675.29","5,632.37","5,715.33","5,622.20"
2025/3/18,"5,614.66","5,654.53","5,654.53","5,597.76"
2025/3/17,"5,675.12","5,635.60","5,703.52","5,631.12"
2025/3/14,"5,638.94","5,563.85","5,645.27","5,563.85"
2025/3/13,"5,521.52","5,594.45","5,597.78","5,504.65"
2025/3/12,"5,599.30","5,624.84","5,642.19","5,546.09"
2025/3/11,"5,572.07","5,603.65","5,636.30","5,528.41"
2025/3/10,"5,614.56","5,705.37","5,705.37","5,564.02"
2025/3/7,"5,770.20","5,726.01","5,783.01","5,666.29"
2025/3/6,"5,738.52","5,785.87","5,812.08","5,711.64"
2025/3/5,"5,842.63","5,781.36","5,860.59","5,742.35"
2025/3/4,"5,778.15","5,811.98","5,865.08","5,732.59"
2025/3/3,"5,849.72","5,968.33","5,986.09","5,810.91"
2025/2/28,"5,954.50","5,856.74","5,959.40","5,837.66"
2025/2/27,"5,861.57","5,981.88","5,993.69","5,858.78"
2025/2/26,"5,956.06","5,970.87","6,009.82","5,932.69"
2025/2/25,"5,955.25","5,982.73","5,992.65","5,908.49"
2025/2/24,"5,983.25","6,026.69","6,043.65","5,977.83"
2025/2/21,"6,013.13","6,114.10","6,114.82","6,008.56"
2025/2/20,"6,117.52","6,134.50","6,134.50","6,084.59"
2025/2/19,"6,144.15","6,117.76","6,147.43","6,111.15"
2025/2/18,"6,129.58","6,121.60","6,129.63","6,099.51"
2025/2/14,"6,114.63","6,115.52","6,127.47","6,107.62"
2025/2/13,"6,115.07","6,060.59","6,116.91","6,050.95"
2025/2/12,"6,051.97","6,025.08","6,063.00","6,003.00"
2025/2/11,"6,068.50","6,049.32","6,076.28","6,042.34"
2025/2/10,"6,066.44","6,046.40","6,073.38","6,044.84"
2025/2/7,"6,025.99","6,083.13","6,101.28","6,019.96"
2025/2/6,"6,083.57","6,072.22","6,084.03","6,046.83"
2025/2/5,"6,061.48","6,020.45","6,062.86","6,007.06"
2025/2/4,"6,037.88","5,998.14","6,042.48","5,990.87"
2025/2/3,"5,994.57","5,969.65","6,022.13","5,923.93"
2025/1/31,"6,040.53","6,096.79","6,120.91","6,030.93"
2025/1/30,"6,071.17","6,050.75","6,086.64","6,027.46"
2025/1/29,"6,039.31","6,057.70","6,062.83","6,012.96"
2025/1/28,"6,067.70","6,026.97","6,074.54","5,994.63"
2025/1/27,"6,012.28","5,969.04","6,017.17","5,962.92"
2025/1/24,"6,101.24","6,121.43","6,128.18","6,088.74"
2025/1/23,"6,118.71","6,076.32","6,118.73","6,074.67"
2025/1/22,"6,086.37","6,081.39","6,100.81","6,076.13"
2025/1/21,"6,049.24","6,014.12","6,051.51","6,006.88"
2025/1/17,"5,996.66","5,995.40","6,014.96","5,978.44"
2025/1/16,"5,937.34","5,963.61","5,964.69","5,930.72"
2025/1/15,"5,949.91","5,905.21","5,960.61","5,905.21"
2025/1/14,"5,842.91","5,859.27","5,871.92","5,805.42"
2025/1/13,"5,836.22","5,782.02","5,838.61","5,773.31"
2025/1/10,"5,827.04","5,890.35","5,890.35","5,807.78"
2025/1/8,"5,918.25","5,910.66","5,927.89","5,874.78"
2025/1/7,"5,909.03","5,993.26","6,000.68","5,890.68"
2025/1/6,"5,975.38","5,982.81","6,021.04","5,960.01"
2025/1/3,"5,942.47","5,891.07","5,949.34","5,888.66"
2025/1/2,"5,868.55","5,903.26","5,935.09","5,829.53"
2024/12/31,"5,881.63","5,919.74","5,929.74","5,868.86"
2024/12/30,"5,906.94","5,920.67","5,940.79","5,869.16"
2024/12/27,"5,970.84","6,006.17","6,006.17","5,932.95"
2024/12/26,"6,037.59","6,024.97","6,049.75","6,007.37"
2024/12/24,"6,040.04","5,984.63","6,040.10","5,981.44"
2024/12/23,"5,974.07","5,940.25","5,978.25","5,902.57"
2024/12/20,"5,930.85","5,842.00","5,982.06","5,832.30"
2024/12/19,"5,867.08","5,912.71","5,935.52","5,866.07"
2024/12/18,"5,872.16","6,047.65","6,070.67","5,867.79"
2024/12/17,"6,050.61","6,052.55","6,057.68","6,035.19"
2024/12/16,"6,074.08","6,063.79","6,085.19","6,059.14"
2024/12/13,"6,051.09","6,068.17","6,078.58","6,035.77"
2024/12/12,"6,051.25","6,074.29","6,079.68","6,051.25"
2024/12/11,"6,084.19","6,060.15","6,092.59","6,060.15"
2024/12/10,"6,034.91","6,057.59","6,065.40","6,029.89"
2024/12/9,"6,052.85","6,083.01","6,088.51","6,048.63"
2024/12/6,"6,090.27","6,081.38","6,099.97","6,079.98"
2024/12/5,"6,075.11","6,089.03","6,094.55","6,072.90"
2024/12/4,"6,086.49","6,069.39","6,089.84","6,061.06"
2024/12/3,"6,049.88","6,042.97","6,052.07","6,033.39"
2024/12/2,"6,047.15","6,040.11","6,053.58","6,035.33"
2024/11/29,"6,032.38","6,003.98","6,044.17","6,003.98"
2024/11/27,"5,998.74","6,014.11","6,020.16","5,984.87"
2024/11/26,"6,021.63","6,000.03","6,025.42","5,992.27"
2024/11/25,"5,987.37","5,992.28","6,020.75","5,963.91"
2024/11/22,"5,969.34","5,944.36","5,972.90","5,944.36"
2024/11/21,"5,948.71","5,940.58","5,963.32","5,887.26"
2024/11/20,"5,917.11","5,914.34","5,920.67","5,860.56"
2024/11/19,"5,916.98","5,870.05","5,923.51","5,855.29"
2024/11/18,"5,893.62","5,874.17","5,908.12","5,865.95"
2024/11/15,"5,870.62","5,912.79","5,915.32","5,853.01"
2024/11/14,"5,949.17","5,989.68","5,993.88","5,942.28"
2024/11/13,"5,985.38","5,985.75","6,008.19","5,965.91"
2024/11/12,"5,983.99","6,003.60","6,009.92","5,960.08"
2024/11/11,"6,001.35","6,008.86","6,017.31","5,986.69"
2024/11/8,"5,995.54","5,976.76","6,012.45","5,976.76"
2024/11/7,"5,973.10","5,947.21","5,983.84","5,947.21"
2024/11/6,"5,929.04","5,864.89","5,936.14","5,864.89"
2024/11/5,"5,782.76","5,722.43","5,783.44","5,722.10"
2024/11/4,"5,712.69","5,725.15","5,741.43","5,696.51"
2024/11/1,"5,728.80","5,723.22","5,772.52","5,723.22"
2024/10/31,"5,705.45","5,775.34","5,775.34","5,702.86"
2024/10/30,"5,813.67","5,832.65","5,850.94","5,811.28"
2024/10/29,"5,832.92","5,819.68","5,847.19","5,802.17"
2024/10/28,"5,823.52","5,833.93","5,842.92","5,823.08"
2024/10/25,"5,808.12","5,826.75","5,862.82","5,799.98"
2024/10/24,"5,809.86","5,817.80","5,817.80","5,784.92"
2024/10/23,"5,797.42","5,834.50","5,834.85","5,762.41"
2024/10/22,"5,851.20","5,832.70","5,863.04","5,821.17"
2024/10/21,"5,853.98","5,857.82","5,866.92","5,824.79"
2024/10/18,"5,864.67","5,859.43","5,872.17","5,846.11"
2024/10/17,"5,841.47","5,875.62","5,878.46","5,840.25"
2024/10/16,"5,842.47","5,816.58","5,846.52","5,808.34"
2024/10/15,"5,815.26","5,866.74","5,870.36","5,804.48"
2024/10/14,"5,859.85","5,829.81","5,871.41","5,829.57"
2024/10/11,"5,815.03","5,775.09","5,822.13","5,775.09"
2024/10/10,"5,780.05","5,778.36","5,795.03","5,764.76"
2024/10/9,"5,792.04","5,751.80","5,796.80","5,745.02"
2024/10/8,"5,751.13","5,719.14","5,757.60","5,714.56"
2024/10/7,"5,695.94","5,737.80","5,739.34","5,686.85"
2024/10/4,"5,751.07","5,737.48","5,753.21","5,702.83"
2024/10/3,"5,699.94","5,698.19","5,718.78","5,677.37"
2024/10/2,"5,709.54","5,698.14","5,719.63","5,674.00"
2024/10/1,"5,708.75","5,757.73","5,757.73","5,681.28"
2024/9/30,"5,762.48","5,726.52","5,765.14","5,703.53"
2024/9/27,"5,738.17","5,755.36","5,763.78","5,727.34"
2024/9/26,"5,745.37","5,762.22","5,767.37","5,721.01"
2024/9/25,"5,722.26","5,733.65","5,741.03","5,712.06"
2024/9/24,"5,732.93","5,727.66","5,735.32","5,698.99"
2024/9/23,"5,718.57","5,711.90","5,725.36","5,704.22"
2024/9/20,"5,702.55","5,709.64","5,715.14","5,674.49"
2024/9/19,"5,713.64","5,702.63","5,733.57","5,686.42"
2024/9/18,"5,618.26","5,641.68","5,689.75","5,615.08"
2024/9/17,"5,634.58","5,655.51","5,670.81","5,614.05"
2024/9/16,"5,633.09","5,615.21","5,636.05","5,604.53"
2024/9/13,"5,626.02","5,603.34","5,636.27","5,601.65"
2024/9/12,"5,595.76","5,557.48","5,600.71","5,535.50"
2024/9/11,"5,554.13","5,496.42","5,560.41","5,406.96"
2024/9/10,"5,495.52","5,490.51","5,497.91","5,441.72"
2024/9/9,"5,471.05","5,442.07","5,484.20","5,434.49"
2024/9/6,"5,408.42","5,507.33","5,522.47","5,402.62"
2024/9/5,"5,503.41","5,520.08","5,546.30","5,480.54"
2024/9/4,"5,520.07","5,506.68","5,552.99","5,503.66"
2024/9/3,"5,528.93","5,623.89","5,623.89","5,504.33"
2024/8/30,"5,648.40","5,612.74","5,651.37","5,581.79"
2024/8/29,"5,591.96","5,607.30","5,646.95","5,583.71"
2024/8/28,"5,592.18","5,624.51","5,627.03","5,560.95"
2024/8/27,"5,625.80","5,602.89","5,631.18","5,593.48"
2024/8/26,"5,616.84","5,639.66","5,651.62","5,602.34"
2024/8/23,"5,634.61","5,602.49","5,641.82","5,585.16"
2024/8/22,"5,570.64","5,637.77","5,643.22","5,560.95"
2024/8/21,"5,620.85","5,603.09","5,632.68","5,591.57"
2024/8/20,"5,597.12","5,602.88","5,620.51","5,585.50"
2024/8/19,"5,608.25","5,557.23","5,608.30","5,550.74"
2024/8/16,"5,554.25","5,530.50","5,561.98","5,525.17"
2024/8/15,"5,543.22","5,501.13","5,546.23","5,501.13"
2024/8/14,"5,455.21","5,442.36","5,463.22","5,415.91"
2024/8/13,"5,434.43","5,376.98","5,436.50","5,376.98"
2024/8/12,"5,344.39","5,351.88","5,371.20","5,324.37"
2024/8/9,"5,344.16","5,314.66","5,358.67","5,300.84"
2024/8/8,"5,319.31","5,252.57","5,328.03","5,233.85"
2024/8/7,"5,199.50","5,293.13","5,330.64","5,195.54"
2024/8/6,"5,240.03","5,206.42","5,312.34","5,193.56"
2024/8/5,"5,186.33","5,151.14","5,250.89","5,119.26"
2024/8/2,"5,346.56","5,376.63","5,383.89","5,302.03"
2024/8/1,"5,446.68","5,537.84","5,566.16","5,410.42"
2024/7/31,"5,522.30","5,505.59","5,551.51","5,493.75"
2024/7/30,"5,436.44","5,478.73","5,489.46","5,401.70"
2024/7/29,"5,463.54","5,476.55","5,487.74","5,444.44"
2024/7/26,"5,459.10","5,433.67","5,488.32","5,430.70"
2024/7/25,"5,399.22","5,428.70","5,491.59","5,390.95"
2024/7/24,"5,427.13","5,505.84","5,508.04","5,419.98"
2024/7/23,"5,555.74","5,565.30","5,585.34","5,550.90"
2024/7/22,"5,564.41","5,544.54","5,570.36","5,529.04"
2024/7/19,"5,505.00","5,543.37","5,557.50","5,497.04"
2024/7/18,"5,544.59","5,608.56","5,614.05","5,522.81"
2024/7/17,"5,588.27","5,610.07","5,622.49","5,584.81"
2024/7/16,"5,667.20","5,644.09","5,669.67","5,639.02"
2024/7/15,"5,631.22","5,638.16","5,666.94","5,614.75"
2024/7/12,"5,615.35","5,590.76","5,655.56","5,590.44"
2024/7/11,"5,584.54","5,635.21","5,642.45","5,576.53"
2024/7/10,"5,633.91","5,591.26","5,635.39","5,586.44"
2024/7/9,"5,576.98","5,584.24","5,590.75","5,574.57"
2024/7/8,"5,572.85","5,572.75","5,583.11","5,562.51"
2024/7/5,"5,567.19","5,537.91","5,570.33","5,531.63"
2024/7/3,"5,537.02","5,507.44","5,539.27","5,507.42"
2024/7/2,"5,509.01","5,461.84","5,509.69","5,458.43"
2024/7/1,"5,475.09","5,471.08","5,479.55","5,446.53"
2024/6/28,"5,460.48","5,488.48","5,523.64","5,451.12"
2024/6/27,"5,482.87","5,473.59","5,490.81","5,467.54"
2024/6/26,"5,477.90","5,460.71","5,483.14","5,451.87"
2024/6/25,"5,469.30","5,460.73","5,472.88","5,446.56"
2024/6/24,"5,447.87","5,459.58","5,490.66","5,447.59"
2024/6/21,"5,464.62","5,466.77","5,478.31","5,452.03"
2024/6/20,"5,473.17","5,499.99","5,505.53","5,455.56"
2024/6/18,"5,487.03","5,476.15","5,490.38","5,471.32"
2024/6/17,"5,473.23","5,431.11","5,488.50","5,420.40"
2024/6/14,"5,431.60","5,424.08","5,432.39","5,403.75"
2024/6/13,"5,433.74","5,441.93","5,441.93","5,402.51"
2024/6/12,"5,421.03","5,409.13","5,447.25","5,409.13"
2024/6/11,"5,375.32","5,353.00","5,375.95","5,327.25"
2024/6/10,"5,360.79","5,341.22","5,365.79","5,331.52"
2024/6/7,"5,346.99","5,343.81","5,375.08","5,331.33"
2024/6/6,"5,352.96","5,357.80","5,362.35","5,335.36"
2024/6/5,"5,354.03","5,314.48","5,354.16","5,297.64"
2024/6/4,"5,291.34","5,278.24","5,298.80","5,257.63"
2024/6/3,"5,283.40","5,297.15","5,302.11","5,234.32"
2024/5/31,"5,277.51","5,243.21","5,280.33","5,191.68"
2024/5/30,"5,235.48","5,259.77","5,260.21","5,222.10"
2024/5/29,"5,266.95","5,278.73","5,282.27","5,262.70"
2024/5/28,"5,306.04","5,315.91","5,315.91","5,280.89"
2024/5/24,"5,304.72","5,281.45","5,311.65","5,278.39"
2024/5/23,"5,267.84","5,340.26","5,341.88","5,256.93"
2024/5/22,"5,307.01","5,319.28","5,323.18","5,286.01"
2024/5/21,"5,321.41","5,298.69","5,324.32","5,297.87"
2024/5/20,"5,308.13","5,305.35","5,325.32","5,302.40"
2024/5/17,"5,303.27","5,303.10","5,305.45","5,283.59"
2024/5/16,"5,297.10","5,310.07","5,325.49","5,296.19"
2024/5/15,"5,308.15","5,263.26","5,311.76","5,263.26"
2024/5/14,"5,246.68","5,221.10","5,250.37","5,217.98"
2024/5/13,"5,221.42","5,233.08","5,237.26","5,211.16"
2024/5/10,"5,222.68","5,225.49","5,239.66","5,209.68"
2024/5/9,"5,214.08","5,189.03","5,215.30","5,180.41"
2024/5/8,"5,187.67","5,168.98","5,191.95","5,165.86"
2024/5/7,"5,187.70","5,187.20","5,200.23","5,178.96"
2024/5/6,"5,180.74","5,142.42","5,181.00","5,142.42"
2024/5/3,"5,127.79","5,122.78","5,139.12","5,101.22"
2024/5/2,"5,064.20","5,049.32","5,073.21","5,011.05"
2024/5/1,"5,018.39","5,029.03","5,096.12","5,013.45"
2024/4/30,"5,035.69","5,103.78","5,110.83","5,035.31"
2024/4/29,"5,116.17","5,114.13","5,123.49","5,088.65"
2024/4/26,"5,099.96","5,084.65","5,114.62","5,073.14"
2024/4/25,"5,048.42","5,019.88","5,057.75","4,990.58"
2024/4/24,"5,071.63","5,084.86","5,089.48","5,047.02"
2024/4/23,"5,070.55","5,028.85","5,076.12","5,027.96"
2024/4/22,"5,010.60","4,987.33","5,038.84","4,969.40"
2024/4/19,"4,967.23","5,005.44","5,019.02","4,953.56"
2024/4/18,"5,011.12","5,031.52","5,056.66","5,001.89"
2024/4/17,"5,022.21","5,068.97","5,077.96","5,007.25"
2024/4/16,"5,051.41","5,064.59","5,079.84","5,039.83"
2024/4/15,"5,061.82","5,149.67","5,168.43","5,052.47"
2024/4/12,"5,123.41","5,171.51","5,175.03","5,107.94"
2024/4/11,"5,199.06","5,172.95","5,211.78","5,138.77"
2024/4/10,"5,160.64","5,167.88","5,178.43","5,138.70"
2024/4/9,"5,209.91","5,217.03","5,224.81","5,160.78"
2024/4/8,"5,202.39","5,211.37","5,219.57","5,197.35"
2024/4/5,"5,204.34","5,158.95","5,222.18","5,157.21"
2024/4/4,"5,147.21","5,244.05","5,256.59","5,146.06"
2024/4/3,"5,211.49","5,194.37","5,228.75","5,194.37"
2024/4/2,"5,205.81","5,204.29","5,208.34","5,184.05"
2024/4/1,"5,243.77","5,257.97","5,263.95","5,229.20"
2024/3/28,"5,254.35","5,248.03","5,264.85","5,245.82"
2024/3/27,"5,248.49","5,226.31","5,249.26","5,213.92"
2024/3/26,"5,203.58","5,228.85","5,235.16","5,203.42"
2024/3/25,"5,218.19","5,219.52","5,229.09","5,216.09"
2024/3/22,"5,234.18","5,242.48","5,246.09","5,229.87"
2024/3/21,"5,241.53","5,253.43","5,261.10","5,240.66"
2024/3/20,"5,224.62","5,181.69","5,226.19","5,171.55"
2024/3/19,"5,178.51","5,139.09","5,180.31","5,131.59"
2024/3/18,"5,149.42","5,154.77","5,175.60","5,145.47"
2024/3/15,"5,117.09","5,123.31","5,136.86","5,104.35"
2024/3/14,"5,150.48","5,175.14","5,176.85","5,123.30"
2024/3/13,"5,165.31","5,173.49","5,179.14","5,151.88"
2024/3/12,"5,175.27","5,134.30","5,179.87","5,114.48"
2024/3/11,"5,117.94","5,111.96","5,124.66","5,091.14"
2024/3/8,"5,123.69","5,164.46","5,189.26","5,117.50"
2024/3/7,"5,157.36","5,132.38","5,165.62","5,128.21"
2024/3/6,"5,104.76","5,108.03","5,127.97","5,092.22"
2024/3/5,"5,078.65","5,110.52","5,114.54","5,056.82"
2024/3/4,"5,130.95","5,130.99","5,149.67","5,127.18"
2024/3/1,"5,137.08","5,098.51","5,140.33","5,094.16"
2024/2/29,"5,096.27","5,085.36","5,104.99","5,061.89"
2024/2/28,"5,069.76","5,067.20","5,077.37","5,058.35"
2024/2/27,"5,078.18","5,074.60","5,080.69","5,057.29"
2024/2/26,"5,069.53","5,093.00","5,097.66","5,068.91"
2024/2/23,"5,088.80","5,100.92","5,111.06","5,081.46"
2024/2/22,"5,087.03","5,038.83","5,094.39","5,038.83"
2024/2/21,"4,981.80","4,963.03","4,983.21","4,946.00"
2024/2/20,"4,975.51","4,989.32","4,993.71","4,955.02"
2024/2/16,"5,005.57","5,031.13","5,038.70","4,999.52"
2024/2/15,"5,029.73","5,003.14","5,032.72","4,999.44"
2024/2/14,"5,000.62","4,976.44","5,002.52","4,956.45"
2024/2/13,"4,953.17","4,967.94","4,971.30","4,920.31"
2024/2/12,"5,021.84","5,026.83","5,048.39","5,016.83"
2024/2/9,"5,026.61","5,004.17","5,030.06","5,000.34"
2024/2/8,"4,997.91","4,995.16","5,000.40","4,987.09"
2024/2/7,"4,995.06","4,973.05","4,999.89","4,969.05"
2024/2/6,"4,954.23","4,950.16","4,957.77","4,934.88"
2024/2/5,"4,942.81","4,957.19","4,957.19","4,918.09"
2024/2/2,"4,958.61","4,916.06","4,975.29","4,907.99"
2024/2/1,"4,906.19","4,861.11","4,906.97","4,853.52"
2024/1/31,"4,845.65","4,899.19","4,906.75","4,845.15"
2024/1/30,"4,924.97","4,925.89","4,931.09","4,916.27"
2024/1/29,"4,927.93","4,892.95","4,929.31","4,887.40"
2024/1/26,"4,890.97","4,888.91","4,906.69","4,881.47"
2024/1/25,"4,894.16","4,886.66","4,898.15","4,869.34"
2024/1/24,"4,868.55","4,888.56","4,903.68","4,865.94"
2024/1/23,"4,864.60","4,856.80","4,866.48","4,844.37"
2024/1/22,"4,850.43","4,853.42","4,868.41","4,844.05"
2024/1/19,"4,839.81","4,796.28","4,842.07","4,785.87"
2024/1/18,"4,780.94","4,760.10","4,785.79","4,740.57"
2024/1/17,"4,739.21","4,739.13","4,744.23","4,714.82"
2024/1/16,"4,765.98","4,772.35","4,782.34","4,747.12"
2024/1/12,"4,783.83","4,791.18","4,802.40","4,768.98"
2024/1/11,"4,780.24","4,792.13","4,798.50","4,739.58"
2024/1/10,"4,783.45","4,759.94","4,790.80","4,756.20"
2024/1/9,"4,756.50","4,741.93","4,765.47","4,730.35"
2024/1/8,"4,763.54","4,703.70","4,764.54","4,699.82"
2024/1/5,"4,697.24","4,690.57","4,721.49","4,682.11"
2024/1/4,"4,688.68","4,697.42","4,726.78","4,687.53"
2024/1/3,"4,704.81","4,725.07","4,729.29","4,699.71"
2024/1/2,"4,742.83","4,745.20","4,754.33","4,722.67"
2023/12/29,"4,769.83","4,782.88","4,788.43","4,751.99"
2023/12/28,"4,783.35","4,786.44","4,793.30","4,780.98"
2023/12/27,"4,781.58","4,773.45","4,785.39","4,768.90"
2023/12/26,"4,774.75","4,758.86","4,784.72","4,758.45"
2023/12/22,"4,754.63","4,753.92","4,772.94","4,736.77"
2023/12/21,"4,746.75","4,724.29","4,748.71","4,708.35"
2023/12/20,"4,698.35","4,764.73","4,778.01","4,697.82"
2023/12/19,"4,768.37","4,743.72","4,768.69","4,743.72"
2023/12/18,"4,740.56","4,725.58","4,749.52","4,725.58"
2023/12/15,"4,719.19","4,714.23","4,725.53","4,704.69"
2023/12/14,"4,719.55","4,721.04","4,738.57","4,694.34"
2023/12/13,"4,707.09","4,646.20","4,709.69","4,643.23"
2023/12/12,"4,643.70","4,618.30","4,643.93","4,608.09"
2023/12/11,"4,622.44","4,593.39","4,623.71","4,593.39"
2023/12/8,"4,604.37","4,576.20","4,609.23","4,574.06"
2023/12/7,"4,585.59","4,568.84","4,590.92","4,565.22"
2023/12/6,"4,549.34","4,586.23","4,590.74","4,546.50"
2023/12/5,"4,567.18","4,557.25","4,578.56","4,551.68"
2023/12/4,"4,569.78","4,564.37","4,572.37","4,546.72"
2023/12/1,"4,594.63","4,559.43","4,599.39","4,554.71"
2023/11/30,"4,567.80","4,554.87","4,569.89","4,537.24"
2023/11/29,"4,550.58","4,571.84","4,587.64","4,547.15"
2023/11/28,"4,554.89","4,545.55","4,568.14","4,540.51"
2023/11/27,"4,550.43","4,554.86","4,560.52","4,546.32"
2023/11/24,"4,559.34","4,555.84","4,560.31","4,552.80"
2023/11/22,"4,556.62","4,553.04","4,568.43","4,545.05"
2023/11/21,"4,538.19","4,538.77","4,542.14","4,525.51"
2023/11/20,"4,547.38","4,511.70","4,557.11","4,510.36"
2023/11/17,"4,514.02","4,509.55","4,520.12","4,499.66"
2023/11/16,"4,508.24","4,497.08","4,511.99","4,487.83"
2023/11/15,"4,502.88","4,505.30","4,521.17","4,495.31"
2023/11/14,"4,495.70","4,458.97","4,508.67","4,458.97"
2023/11/13,"4,411.55","4,406.66","4,421.76","4,393.82"
2023/11/10,"4,415.24","4,364.15","4,418.03","4,353.34"
2023/11/9,"4,347.35","4,391.41","4,393.40","4,343.94"
2023/11/8,"4,382.78","4,384.37","4,391.20","4,359.76"
2023/11/7,"4,378.38","4,366.21","4,386.26","4,355.41"
2023/11/6,"4,365.98","4,364.27","4,372.21","4,347.53"
2023/11/3,"4,358.34","4,334.23","4,373.62","4,334.23"
2023/11/2,"4,317.78","4,268.26","4,319.72","4,268.26"
2023/11/1,"4,237.86","4,201.27","4,245.64","4,197.74"
2023/10/31,"4,193.80","4,171.33","4,195.55","4,153.12"
2023/10/30,"4,166.82","4,139.39","4,177.47","4,132.94"
2023/10/27,"4,117.37","4,152.93","4,156.70","4,103.78"
2023/10/26,"4,137.23","4,175.99","4,183.60","4,127.90"
2023/10/25,"4,186.77","4,232.42","4,232.42","4,181.42"
2023/10/24,"4,247.68","4,235.79","4,259.38","4,219.43"
2023/10/23,"4,217.04","4,210.40","4,255.84","4,189.22"
2023/10/20,"4,224.16","4,273.85","4,276.56","4,223.03"
2023/10/19,"4,278.00","4,321.36","4,339.54","4,269.69"
2023/10/18,"4,314.60","4,357.35","4,364.20","4,303.84"
2023/10/17,"4,373.20","4,345.23","4,393.57","4,337.54"
2023/10/16,"4,373.63","4,342.37","4,383.33","4,342.37"
2023/10/13,"4,327.78","4,360.49","4,377.10","4,311.97"
2023/10/12,"4,349.61","4,380.94","4,385.85","4,325.43"
2023/10/11,"4,376.95","4,366.59","4,378.64","4,345.34"
2023/10/10,"4,358.24","4,339.75","4,385.46","4,339.64"
2023/10/9,"4,335.66","4,289.02","4,341.73","4,283.79"
2023/10/6,"4,308.50","4,234.79","4,324.10","4,219.55"
2023/10/5,"4,258.19","4,259.31","4,267.13","4,225.91"
2023/10/4,"4,263.75","4,233.83","4,268.50","4,220.48"
2023/10/3,"4,229.45","4,269.75","4,281.15","4,216.45"
2023/10/2,"4,288.39","4,284.52","4,300.58","4,260.21"
2023/9/29,"4,288.05","4,328.18","4,333.15","4,274.86"
2023/9/28,"4,299.70","4,269.65","4,317.27","4,264.38"
2023/9/27,"4,274.51","4,282.63","4,292.07","4,238.63"
2023/9/26,"4,273.53","4,312.88","4,313.01","4,265.98"
2023/9/25,"4,337.44","4,310.62","4,338.51","4,302.70"
2023/9/22,"4,320.06","4,341.74","4,357.40","4,316.49"
2023/9/21,"4,330.00","4,374.36","4,375.70","4,329.17"
2023/9/20,"4,402.20","4,452.81","4,461.03","4,401.38"
2023/9/19,"4,443.95","4,445.41","4,449.85","4,416.61"
2023/9/18,"4,453.53","4,445.13","4,466.36","4,442.11"
2023/9/15,"4,450.32","4,497.98","4,497.98","4,447.21"
2023/9/14,"4,505.10","4,487.78","4,511.99","4,478.69"
2023/9/13,"4,467.44","4,462.65","4,479.39","4,453.52"
2023/9/12,"4,461.90","4,473.27","4,487.11","4,456.83"
2023/9/11,"4,487.46","4,480.98","4,490.77","4,467.89"
2023/9/8,"4,457.49","4,451.30","4,473.53","4,448.38"
2023/9/7,"4,451.14","4,434.55","4,457.81","4,430.46"
2023/9/6,"4,465.48","4,490.35","4,490.35","4,442.38"
2023/9/5,"4,496.83","4,510.06","4,514.29","4,496.01"
2023/9/1,"4,515.77","4,530.60","4,541.25","4,501.35"
2023/8/31,"4,507.66","4,517.01","4,532.26","4,507.39"
2023/8/30,"4,514.87","4,500.34","4,521.65","4,493.59"
2023/8/29,"4,497.63","4,432.75","4,500.14","4,431.68"
2023/8/28,"4,433.31","4,426.03","4,439.56","4,414.98"
2023/8/25,"4,405.71","4,389.38","4,418.46","4,356.29"
2023/8/24,"4,376.31","4,455.16","4,458.30","4,375.55"
2023/8/23,"4,436.01","4,396.44","4,443.18","4,396.44"
2023/8/22,"4,387.55","4,415.33","4,418.59","4,382.77"
2023/8/21,"4,399.77","4,380.28","4,407.55","4,360.30"
2023/8/18,"4,369.71","4,344.88","4,381.82","4,335.31"
2023/8/17,"4,370.36","4,416.32","4,421.17","4,364.83"
2023/8/16,"4,404.33","4,433.79","4,449.95","4,403.55"
2023/8/15,"4,437.86","4,478.87","4,478.87","4,432.19"
2023/8/14,"4,489.72","4,458.13","4,490.33","4,453.44"
2023/8/11,"4,464.05","4,450.69","4,476.23","4,443.98"
2023/8/10,"4,468.83","4,487.16","4,527.37","4,457.92"
2023/8/9,"4,467.71","4,501.57","4,502.44","4,461.33"
2023/8/8,"4,499.38","4,498.03","4,503.31","4,464.39"
2023/8/7,"4,518.44","4,491.58","4,519.84","4,491.15"
2023/8/4,"4,478.03","4,513.96","4,540.34","4,474.55"
2023/8/3,"4,501.89","4,494.27","4,519.49","4,485.54"
2023/8/2,"4,513.39","4,550.93","4,550.93","4,505.75"
2023/8/1,"4,576.73","4,578.83","4,584.62","4,567.53"
2023/7/31,"4,588.96","4,584.82","4,594.22","4,573.14"
2023/7/28,"4,582.23","4,565.75","4,590.16","4,564.01"
2023/7/27,"4,537.41","4,598.26","4,607.07","4,528.56"
2023/7/26,"4,566.75","4,558.96","4,582.47","4,547.58"
2023/7/25,"4,567.46","4,555.19","4,580.62","4,552.42"
2023/7/24,"4,554.64","4,543.39","4,563.41","4,541.29"
2023/7/21,"4,536.34","4,550.16","4,555.00","4,535.79"
2023/7/20,"4,534.87","4,554.38","4,564.74","4,527.56"
2023/7/19,"4,565.72","4,563.87","4,578.43","4,557.48"
2023/7/18,"4,554.98","4,521.78","4,562.30","4,514.59"
2023/7/17,"4,522.79","4,508.86","4,532.85","4,504.90"
2023/7/14,"4,505.42","4,514.61","4,527.76","4,499.56"
2023/7/13,"4,510.04","4,491.50","4,517.38","4,489.36"
2023/7/12,"4,472.16","4,467.69","4,488.34","4,463.23"
2023/7/11,"4,439.26","4,415.55","4,443.64","4,408.46"
2023/7/10,"4,409.53","4,394.23","4,412.60","4,389.92"
2023/7/7,"4,398.95","4,404.54","4,440.39","4,397.40"
2023/7/6,"4,411.59","4,422.62","4,422.62","4,385.05"
2023/7/5,"4,446.82","4,442.04","4,454.06","4,436.61"
2023/7/3,"4,455.59","4,450.48","4,456.46","4,442.29"
2023/6/30,"4,450.38","4,422.44","4,458.48","4,422.44"
2023/6/29,"4,396.44","4,374.94","4,398.39","4,371.97"
2023/6/28,"4,376.86","4,367.48","4,390.35","4,360.22"
2023/6/27,"4,378.41","4,337.36","4,384.42","4,335.00"
2023/6/26,"4,328.82","4,344.84","4,362.06","4,328.08"
2023/6/23,"4,348.33","4,354.17","4,366.55","4,341.34"
2023/6/22,"4,381.89","4,355.40","4,382.25","4,351.82"
2023/6/21,"4,365.69","4,380.01","4,386.22","4,360.14"
2023/6/20,"4,388.71","4,396.11","4,400.15","4,367.19"
2023/6/16,"4,409.59","4,440.95","4,448.47","4,407.44"
2023/6/15,"4,425.84","4,365.33","4,439.20","4,362.60"
2023/6/14,"4,372.59","4,366.29","4,391.82","4,337.85"
2023/6/13,"4,369.01","4,352.61","4,375.37","4,349.31"
2023/6/12,"4,338.93","4,308.32","4,340.13","4,304.37"
2023/6/9,"4,298.86","4,304.88","4,322.62","4,291.70"
2023/6/8,"4,293.93","4,268.69","4,298.01","4,261.07"
2023/6/7,"4,267.52","4,285.47","4,299.19","4,263.96"
2023/6/6,"4,283.85","4,271.34","4,288.33","4,263.09"
2023/6/5,"4,273.79","4,282.99","4,299.28","4,266.82"
2023/6/2,"4,282.37","4,241.01","4,290.67","4,241.01"
2023/6/1,"4,221.02","4,183.03","4,232.43","4,171.64"
2023/5/31,"4,179.83","4,190.74","4,195.44","4,166.15"
2023/5/30,"4,205.52","4,226.71","4,231.10","4,192.18"
2023/5/26,"4,205.45","4,156.16","4,212.87","4,156.16"
2023/5/25,"4,151.28","4,155.71","4,165.74","4,129.73"
2023/5/24,"4,115.24","4,132.96","4,132.96","4,103.98"
2023/5/23,"4,145.58","4,176.80","4,185.68","4,142.54"
2023/5/22,"4,192.63","4,190.78","4,209.22","4,179.68"
2023/5/19,"4,191.98","4,204.15","4,212.91","4,180.20"
2023/5/18,"4,198.05","4,157.68","4,202.20","4,153.50"
2023/5/17,"4,158.77","4,122.85","4,164.67","4,113.62"
2023/5/16,"4,109.90","4,127.95","4,135.54","4,109.86"
2023/5/15,"4,136.28","4,126.65","4,141.25","4,110.27"
2023/5/12,"4,124.08","4,138.54","4,143.74","4,099.12"
2023/5/11,"4,130.62","4,132.24","4,132.80","4,109.29"
2023/5/10,"4,137.64","4,143.74","4,154.28","4,098.92"
2023/5/9,"4,119.17","4,124.25","4,130.35","4,116.65"
2023/5/8,"4,138.12","4,136.98","4,142.30","4,123.81"
2023/5/5,"4,136.25","4,084.73","4,147.02","4,084.73"
2023/5/4,"4,061.22","4,082.55","4,082.61","4,048.28"
2023/5/3,"4,090.75","4,122.25","4,148.30","4,088.86"
2023/5/2,"4,119.58","4,164.10","4,164.10","4,089.72"
2023/5/1,"4,167.87","4,166.79","4,186.92","4,164.12"
2023/4/28,"4,169.48","4,129.63","4,170.06","4,127.18"
2023/4/27,"4,135.35","4,075.29","4,138.24","4,075.29"
2023/4/26,"4,055.99","4,087.78","4,089.67","4,049.35"
2023/4/25,"4,071.63","4,126.43","4,126.43","4,071.38"
2023/4/24,"4,137.04","4,132.07","4,142.41","4,117.77"
2023/4/21,"4,133.52","4,132.14","4,138.02","4,113.86"
2023/4/20,"4,129.79","4,130.48","4,148.57","4,114.57"
2023/4/19,"4,154.52","4,139.33","4,162.57","4,134.49"
2023/4/18,"4,154.87","4,164.26","4,169.48","4,140.36"
2023/4/17,"4,151.32","4,137.17","4,151.72","4,123.18"
2023/4/14,"4,137.64","4,140.11","4,163.19","4,113.20"
2023/4/13,"4,146.22","4,100.04","4,150.26","4,099.40"
2023/4/12,"4,091.95","4,121.72","4,134.37","4,086.94"
2023/4/11,"4,108.94","4,110.29","4,124.26","4,102.61"
2023/4/10,"4,109.11","4,085.20","4,109.50","4,072.55"
2023/4/6,"4,105.02","4,081.15","4,107.32","4,069.84"
2023/4/5,"4,090.38","4,094.50","4,099.69","4,072.56"
2023/4/4,"4,100.60","4,128.03","4,133.13","4,086.87"
2023/4/3,"4,124.51","4,102.20","4,127.66","4,098.79"
2023/3/31,"4,109.31","4,056.18","4,110.75","4,056.18"
2023/3/30,"4,050.83","4,046.74","4,057.85","4,032.10"
2023/3/29,"4,027.81","3,999.53","4,030.59","3,999.53"
2023/3/28,"3,971.27","3,974.13","3,979.20","3,951.53"
2023/3/27,"3,977.53","3,982.93","4,003.83","3,970.49"
2023/3/24,"3,970.99","3,939.21","3,972.74","3,909.16"
2023/3/23,"3,948.72","3,959.21","4,007.66","3,919.05"
2023/3/22,"3,936.97","4,002.04","4,039.49","3,936.17"
2023/3/21,"4,002.87","3,975.89","4,009.08","3,971.19"
2023/3/20,"3,951.57","3,917.47","3,956.62","3,916.89"
2023/3/17,"3,916.64","3,958.69","3,958.91","3,901.27"
2023/3/16,"3,960.28","3,878.93","3,964.46","3,864.11"
2023/3/15,"3,891.93","3,876.74","3,894.26","3,838.24"
2023/3/14,"3,919.29","3,894.01","3,937.29","3,873.63"
2023/3/13,"3,855.76","3,835.12","3,905.05","3,808.86"
2023/3/10,"3,861.59","3,912.77","3,934.05","3,846.32"
2023/3/9,"3,918.32","3,998.66","4,017.81","3,908.70"
2023/3/8,"3,992.01","3,987.55","4,000.41","3,969.76"
2023/3/7,"3,986.37","4,048.26","4,050.00","3,980.31"
2023/3/6,"4,048.42","4,055.15","4,078.49","4,044.61"
2023/3/3,"4,045.64","3,998.02","4,048.29","3,995.17"
2023/3/2,"3,981.35","3,938.68","3,990.84","3,928.16"
2023/3/1,"3,951.39","3,963.34","3,971.73","3,939.05"
2023/2/28,"3,970.15","3,977.19","3,997.50","3,968.98"
2023/2/27,"3,982.24","3,992.36","4,018.05","3,973.55"
2023/2/24,"3,970.04","3,973.24","3,978.25","3,943.08"
2023/2/23,"4,012.32","4,018.60","4,028.30","3,969.19"
2023/2/22,"3,991.05","4,001.83","4,017.37","3,976.90"
2023/2/21,"3,997.34","4,052.35","4,052.35","3,995.19"
2023/2/17,"4,079.09","4,077.39","4,081.51","4,047.95"
2023/2/16,"4,090.41","4,114.75","4,136.54","4,089.49"
2023/2/15,"4,147.60","4,119.50","4,148.11","4,103.98"
2023/2/14,"4,136.13","4,126.70","4,159.77","4,095.01"
2023/2/13,"4,137.29","4,096.62","4,138.90","4,092.67"
2023/2/10,"4,090.46","4,068.92","4,094.36","4,060.79"
2023/2/9,"4,081.50","4,144.25","4,156.23","4,069.67"
2023/2/8,"4,117.86","4,153.47","4,156.85","4,111.67"
2023/2/7,"4,164.00","4,105.35","4,176.54","4,088.39"
2023/2/6,"4,111.08","4,119.57","4,124.63","4,093.38"
2023/2/3,"4,136.48","4,136.69","4,182.36","4,123.36"
2023/2/2,"4,179.76","4,158.68","4,195.44","4,141.88"
2023/2/1,"4,119.21","4,070.07","4,148.95","4,037.20"
2023/1/31,"4,076.60","4,020.85","4,077.16","4,020.44"
2023/1/30,"4,017.77","4,049.27","4,063.85","4,015.55"
2023/1/27,"4,070.56","4,053.72","4,094.21","4,048.70"
2023/1/26,"4,060.43","4,036.08","4,061.57","4,013.29"
2023/1/25,"4,016.22","3,982.71","4,019.55","3,949.06"
2023/1/24,"4,016.95","4,001.74","4,023.92","3,989.79"
2023/1/23,"4,019.81","3,978.14","4,039.31","3,971.64"
2023/1/20,"3,972.61","3,909.04","3,972.96","3,897.86"
2023/1/19,"3,898.85","3,911.84","3,922.94","3,885.54"
2023/1/18,"3,928.86","4,002.25","4,014.16","3,926.59"
2023/1/17,"3,990.97","3,999.28","4,015.39","3,984.57"
2023/1/13,"3,999.09","3,960.60","4,003.95","3,947.67"
2023/1/12,"3,983.17","3,977.57","3,997.76","3,937.56"
2023/1/11,"3,969.61","3,932.35","3,970.07","3,928.54"
2023/1/10,"3,919.25","3,888.57","3,919.83","3,877.29"
2023/1/9,"3,892.09","3,910.82","3,950.57","3,890.42"
2023/1/6,"3,895.08","3,823.37","3,906.19","3,809.56"
2023/1/5,"3,808.10","3,839.74","3,839.74","3,802.42"
2023/1/4,"3,852.97","3,840.36","3,873.16","3,815.77"
2023/1/3,"3,824.14","3,853.29","3,878.46","3,794.33"
2022/12/30,"3,839.50","3,829.06","3,839.85","3,800.34"
2022/12/29,"3,849.28","3,805.45","3,858.19","3,805.45"
2022/12/28,"3,783.22","3,829.56","3,848.32","3,780.78"
2022/12/27,"3,829.25","3,843.34","3,846.65","3,813.22"
2022/12/23,"3,844.82","3,815.11","3,845.80","3,797.01"
2022/12/22,"3,822.39","3,853.26","3,853.26","3,764.49"
2022/12/21,"3,878.44","3,839.49","3,889.82","3,839.49"
2022/12/20,"3,821.62","3,810.47","3,838.24","3,795.62"
2022/12/19,"3,817.66","3,853.79","3,854.86","3,800.04"
2022/12/16,"3,852.36","3,890.91","3,890.91","3,827.91"
2022/12/15,"3,895.75","3,958.37","3,958.37","3,879.45"
2022/12/14,"3,995.32","4,015.54","4,053.76","3,965.65"
2022/12/13,"4,019.65","4,069.38","4,100.96","3,993.03"
2022/12/12,"3,990.56","3,939.29","3,990.71","3,935.30"
2022/12/9,"3,934.38","3,954.17","3,977.02","3,933.04"
2022/12/8,"3,963.51","3,947.79","3,974.19","3,935.83"
2022/12/7,"3,933.92","3,933.28","3,957.57","3,922.68"
2022/12/6,"3,941.26","3,996.63","4,001.51","3,918.39"
2022/12/5,"3,998.84","4,052.02","4,052.45","3,984.49"
2022/12/2,"4,071.70","4,040.17","4,080.48","4,026.63"
2022/12/1,"4,076.57","4,087.14","4,100.51","4,050.87"
2022/11/30,"4,080.11","3,957.18","4,080.11","3,938.58"
2022/11/29,"3,957.63","3,964.19","3,976.77","3,937.65"
2022/11/28,"3,963.94","4,005.36","4,012.27","3,955.77"
2022/11/25,"4,026.12","4,023.34","4,034.02","4,020.76"
2022/11/23,"4,027.26","4,000.30","4,033.78","3,998.66"
2022/11/22,"4,003.58","3,965.51","4,005.88","3,956.88"
2022/11/21,"3,949.94","3,956.23","3,962.00","3,933.34"
2022/11/18,"3,965.34","3,966.39","3,979.89","3,935.98"
2022/11/17,"3,946.56","3,919.26","3,954.33","3,906.54"
2022/11/16,"3,958.79","3,976.82","3,983.09","3,954.34"
2022/11/15,"3,991.73","4,006.41","4,028.84","3,953.17"
2022/11/14,"3,957.25","3,977.97","4,008.97","3,956.40"
2022/11/11,"3,992.93","3,963.72","4,001.48","3,944.82"
2022/11/10,"3,956.37","3,859.89","3,958.33","3,859.89"
2022/11/9,"3,748.57","3,810.94","3,818.20","3,744.22"
2022/11/8,"3,828.11","3,817.02","3,859.40","3,786.28"
2022/11/7,"3,806.80","3,780.71","3,813.95","3,764.70"
2022/11/4,"3,770.55","3,766.98","3,796.34","3,708.84"
2022/11/3,"3,719.89","3,733.25","3,750.59","3,698.15"
2022/11/2,"3,759.69","3,852.90","3,894.44","3,758.68"
2022/11/1,"3,856.10","3,901.79","3,911.79","3,843.80"
2022/10/31,"3,871.98","3,881.85","3,893.73","3,863.18"
2022/10/28,"3,901.06","3,808.26","3,905.42","3,808.26"
2022/10/27,"3,807.30","3,834.69","3,859.95","3,803.79"
2022/10/26,"3,830.60","3,825.97","3,886.15","3,824.07"
2022/10/25,"3,859.11","3,799.44","3,862.85","3,799.44"
2022/10/24,"3,797.34","3,762.01","3,810.74","3,741.65"
2022/10/21,"3,752.75","3,657.10","3,757.89","3,647.42"
2022/10/20,"3,665.78","3,689.05","3,736.00","3,656.44"
2022/10/19,"3,695.16","3,703.11","3,728.58","3,666.51"
2022/10/18,"3,719.98","3,746.26","3,762.79","3,686.53"
2022/10/17,"3,677.95","3,638.65","3,689.73","3,638.65"
2022/10/14,"3,583.07","3,690.41","3,712.00","3,579.68"
2022/10/13,"3,669.91","3,520.37","3,685.41","3,491.58"
2022/10/12,"3,577.03","3,590.83","3,608.34","3,573.86"
2022/10/11,"3,588.84","3,595.86","3,640.66","3,568.45"
2022/10/10,"3,612.39","3,647.51","3,652.17","3,588.10"
2022/10/7,"3,639.66","3,706.74","3,706.74","3,620.73"
2022/10/6,"3,744.52","3,771.97","3,797.93","3,739.22"
2022/10/5,"3,783.28","3,753.25","3,806.91","3,722.66"
2022/10/4,"3,790.93","3,726.46","3,791.92","3,726.46"
2022/10/3,"3,678.43","3,609.78","3,698.35","3,604.93"
2022/9/30,"3,585.62","3,633.48","3,671.44","3,584.13"
2022/9/29,"3,640.47","3,687.01","3,687.01","3,610.40"
2022/9/28,"3,719.04","3,651.94","3,736.74","3,640.61"
2022/9/27,"3,647.29","3,686.44","3,717.53","3,623.29"
2022/9/26,"3,655.04","3,682.72","3,715.67","3,644.76"
2022/9/23,"3,693.23","3,727.14","3,727.14","3,647.47"
2022/9/22,"3,757.99","3,782.36","3,790.90","3,749.45"
2022/9/21,"3,789.93","3,871.40","3,907.07","3,789.49"
2022/9/20,"3,855.93","3,875.23","3,876.01","3,827.54"
2022/9/19,"3,899.89","3,849.91","3,900.45","3,838.50"
2022/9/16,"3,873.33","3,880.95","3,880.95","3,837.08"
2022/9/15,"3,901.35","3,932.41","3,959.14","3,888.28"
2022/9/14,"3,946.01","3,940.73","3,961.94","3,912.18"
2022/9/13,"3,932.69","4,037.12","4,037.12","3,921.28"
2022/9/12,"4,110.41","4,083.67","4,119.28","4,083.67"
2022/9/9,"4,067.36","4,022.94","4,076.81","4,022.94"
2022/9/8,"4,006.18","3,959.94","4,010.50","3,944.81"
2022/9/7,"3,979.87","3,909.43","3,987.89","3,906.03"
2022/9/6,"3,908.19","3,930.89","3,942.55","3,886.75"
2022/9/2,"3,924.26","3,994.66","4,018.43","3,906.21"
2022/9/1,"3,966.85","3,936.73","3,970.23","3,903.65"
2022/8/31,"3,955.00","4,000.67","4,015.37","3,954.53"
2022/8/30,"3,986.16","4,041.25","4,044.98","3,965.21"
2022/8/29,"4,030.61","4,034.58","4,062.99","4,017.42"
2022/8/26,"4,057.66","4,198.74","4,203.04","4,057.66"
2022/8/25,"4,199.12","4,153.26","4,200.54","4,147.59"
2022/8/24,"4,140.77","4,126.55","4,156.56","4,119.97"
2022/8/23,"4,128.73","4,133.09","4,159.77","4,124.03"
2022/8/22,"4,137.99","4,195.08","4,195.08","4,129.86"
2022/8/19,"4,228.48","4,266.31","4,266.31","4,218.70"
2022/8/18,"4,283.74","4,273.13","4,292.53","4,261.98"
2022/8/17,"4,274.04","4,280.40","4,302.18","4,253.08"
2022/8/16,"4,305.20","4,290.46","4,325.28","4,277.77"
2022/8/15,"4,297.14","4,269.37","4,301.79","4,256.90"
2022/8/12,"4,280.15","4,225.02","4,280.47","4,219.78"
2022/8/11,"4,207.27","4,227.40","4,257.91","4,201.41"
2022/8/10,"4,210.24","4,181.02","4,211.03","4,177.26"
2022/8/9,"4,122.47","4,133.11","4,137.30","4,112.09"
2022/8/8,"4,140.06","4,155.93","4,186.62","4,128.97"
2022/8/5,"4,145.19","4,115.87","4,151.58","4,107.31"
2022/8/4,"4,151.94","4,154.85","4,161.29","4,135.42"
2022/8/3,"4,155.17","4,107.96","4,167.66","4,107.96"
2022/8/2,"4,091.19","4,104.21","4,140.47","4,079.81"
2022/8/1,"4,118.63","4,112.38","4,144.95","4,096.02"
2022/7/29,"4,130.29","4,087.33","4,140.15","4,079.22"
2022/7/28,"4,072.43","4,026.13","4,078.95","3,992.97"
2022/7/27,"4,023.61","3,951.43","4,039.56","3,951.43"
2022/7/26,"3,921.05","3,953.22","3,953.22","3,910.74"
2022/7/25,"3,966.84","3,965.72","3,975.30","3,943.46"
2022/7/22,"3,961.63","3,998.43","4,012.44","3,938.86"
2022/7/21,"3,998.95","3,955.47","3,999.29","3,927.64"
2022/7/20,"3,959.90","3,935.32","3,974.13","3,922.03"
2022/7/19,"3,936.69","3,860.73","3,939.81","3,860.73"
2022/7/18,"3,830.85","3,883.79","3,902.44","3,818.63"
2022/7/15,"3,863.16","3,818.00","3,863.62","3,817.18"
2022/7/14,"3,790.38","3,763.99","3,796.41","3,721.56"
2022/7/13,"3,801.78","3,779.67","3,829.44","3,759.07"
2022/7/12,"3,818.80","3,851.95","3,873.41","3,802.36"
2022/7/11,"3,854.43","3,880.94","3,880.94","3,847.22"
2022/7/8,"3,899.38","3,888.26","3,918.50","3,869.34"
2022/7/7,"3,902.62","3,858.85","3,910.63","3,858.85"
2022/7/6,"3,845.08","3,831.98","3,870.91","3,809.37"
2022/7/5,"3,831.39","3,792.61","3,832.19","3,742.06"
2022/7/1,"3,825.33","3,781.00","3,829.82","3,752.10"
2022/6/30,"3,785.38","3,785.99","3,818.99","3,738.67"
2022/6/29,"3,818.83","3,825.09","3,836.50","3,799.02"
2022/6/28,"3,821.55","3,913.00","3,945.86","3,820.14"
2022/6/27,"3,900.11","3,920.76","3,927.72","3,889.66"
2022/6/24,"3,911.74","3,821.75","3,913.65","3,821.75"
2022/6/23,"3,795.73","3,774.71","3,802.58","3,743.52"
2022/6/22,"3,759.89","3,733.89","3,801.79","3,717.69"
2022/6/21,"3,764.79","3,715.31","3,779.65","3,715.31"
2022/6/17,"3,674.84","3,665.90","3,707.71","3,636.87"
2022/6/16,"3,666.77","3,728.18","3,728.18","3,639.77"
2022/6/15,"3,789.99","3,764.05","3,837.56","3,722.30"
2022/6/14,"3,735.48","3,763.52","3,778.18","3,705.68"
2022/6/13,"3,749.63","3,838.15","3,838.15","3,734.30"
2022/6/10,"3,900.86","3,974.39","3,974.39","3,900.16"
2022/6/9,"4,017.82","4,101.65","4,119.10","4,017.17"
2022/6/8,"4,115.77","4,147.12","4,160.14","4,107.20"
2022/6/7,"4,160.68","4,096.47","4,164.86","4,080.19"
2022/6/6,"4,121.43","4,134.72","4,168.78","4,109.18"
2022/6/3,"4,108.54","4,137.57","4,142.67","4,098.67"
2022/6/2,"4,176.82","4,095.41","4,177.51","4,074.37"
2022/6/1,"4,101.23","4,149.78","4,166.54","4,073.85"
2022/5/31,"4,132.15","4,151.09","4,168.34","4,104.88"
2022/5/27,"4,158.24","4,077.43","4,158.49","4,077.43"
2022/5/26,"4,057.84","3,984.60","4,075.14","3,984.60"
2022/5/25,"3,978.73","3,929.59","3,999.33","3,925.03"
2022/5/24,"3,941.48","3,942.94","3,955.68","3,875.13"
2022/5/23,"3,973.75","3,919.42","3,981.88","3,909.04"
2022/5/20,"3,901.36","3,927.76","3,943.42","3,810.32"
2022/5/19,"3,900.79","3,899.00","3,945.96","3,876.58"
2022/5/18,"3,923.68","4,051.98","4,051.98","3,911.91"
2022/5/17,"4,088.85","4,052.00","4,090.72","4,033.93"
2022/5/16,"4,008.01","4,013.02","4,046.46","3,983.99"
2022/5/13,"4,023.89","3,963.90","4,038.88","3,963.90"
2022/5/12,"3,930.08","3,903.95","3,964.80","3,858.87"
2022/5/11,"3,935.18","3,990.08","4,049.09","3,928.82"
2022/5/10,"4,001.05","4,035.18","4,068.82","3,958.17"
2022/5/9,"3,991.24","4,081.27","4,081.27","3,975.48"
2022/5/6,"4,123.34","4,128.17","4,157.69","4,067.91"
2022/5/5,"4,146.87","4,270.43","4,270.43","4,106.01"
2022/5/4,"4,300.17","4,181.18","4,307.66","4,148.91"
2022/5/3,"4,175.48","4,159.78","4,200.10","4,147.08"
2022/5/2,"4,155.38","4,130.61","4,169.81","4,062.51"
2022/4/29,"4,131.93","4,253.75","4,269.68","4,124.28"
2022/4/28,"4,287.50","4,222.58","4,308.45","4,188.63"
2022/4/27,"4,183.96","4,186.52","4,240.71","4,162.90"
2022/4/26,"4,175.20","4,278.14","4,278.14","4,175.04"
2022/4/25,"4,296.12","4,255.34","4,299.02","4,200.82"
2022/4/22,"4,271.78","4,385.83","4,385.83","4,267.62"
2022/4/21,"4,393.66","4,489.17","4,512.94","4,384.47"
2022/4/20,"4,459.45","4,472.26","4,488.29","4,448.76"
2022/4/19,"4,462.21","4,390.63","4,471.03","4,390.63"
2022/4/18,"4,391.69","4,385.63","4,410.31","4,370.30"
2022/4/14,"4,392.59","4,449.12","4,460.46","4,390.77"
2022/4/13,"4,446.59","4,394.30","4,453.92","4,392.70"
2022/4/12,"4,397.45","4,437.59","4,471.00","4,381.34"
2022/4/11,"4,412.53","4,462.64","4,464.35","4,408.38"
2022/4/8,"4,488.28","4,494.15","4,520.41","4,474.60"
2022/4/7,"4,500.21","4,474.65","4,521.16","4,450.30"
2022/4/6,"4,481.15","4,494.17","4,503.94","4,450.04"
2022/4/5,"4,525.12","4,572.45","4,593.45","4,514.17"
2022/4/4,"4,582.64","4,547.97","4,583.50","4,539.21"
2022/4/1,"4,545.86","4,540.32","4,548.70","4,507.57"
2022/3/31,"4,530.41","4,599.02","4,603.07","4,530.41"
2022/3/30,"4,602.45","4,624.20","4,627.77","4,581.32"
2022/3/29,"4,631.60","4,602.86","4,637.30","4,589.66"
2022/3/28,"4,575.52","4,541.09","4,575.65","4,517.69"
2022/3/25,"4,543.06","4,522.91","4,546.03","4,501.07"
2022/3/24,"4,520.16","4,469.98","4,520.58","4,465.17"
2022/3/23,"4,456.24","4,493.10","4,501.07","4,455.81"
2022/3/22,"4,511.61","4,469.10","4,522.00","4,469.10"
2022/3/21,"4,461.18","4,462.40","4,481.75","4,424.30"
2022/3/18,"4,463.12","4,407.34","4,465.40","4,390.57"
2022/3/17,"4,411.67","4,345.11","4,412.67","4,335.65"
2022/3/16,"4,357.86","4,288.14","4,358.90","4,251.99"
2022/3/15,"4,262.45","4,188.82","4,271.05","4,187.90"
2022/3/14,"4,173.11","4,202.75","4,247.57","4,161.72"
2022/3/11,"4,204.31","4,279.50","4,291.01","4,200.49"
2022/3/10,"4,259.52","4,252.55","4,268.28","4,209.80"
2022/3/9,"4,277.88","4,223.10","4,299.40","4,223.10"
2022/3/8,"4,170.70","4,202.66","4,276.94","4,157.87"
2022/3/7,"4,201.09","4,327.01","4,327.01","4,199.85"
2022/3/4,"4,328.87","4,342.12","4,342.12","4,284.98"
2022/3/3,"4,363.49","4,401.31","4,416.78","4,345.56"
2022/3/2,"4,386.54","4,322.56","4,401.48","4,322.56"
2022/3/1,"4,306.26","4,363.14","4,378.45","4,279.54"
2022/2/28,"4,373.94","4,354.17","4,388.84","4,315.12"
2022/2/25,"4,384.65","4,298.38","4,385.34","4,286.83"
2022/2/24,"4,288.70","4,155.77","4,294.73","4,114.65"
2022/2/23,"4,225.50","4,324.93","4,341.51","4,221.51"
2022/2/22,"4,304.76","4,332.74","4,362.12","4,267.11"
2022/2/18,"4,348.87","4,384.57","4,394.60","4,327.22"
2022/2/17,"4,380.26","4,456.06","4,456.06","4,373.81"
2022/2/16,"4,475.01","4,455.75","4,489.55","4,429.68"
2022/2/15,"4,471.07","4,429.28","4,472.77","4,429.28"
2022/2/14,"4,401.67","4,412.61","4,426.22","4,364.84"
2022/2/11,"4,418.64","4,506.27","4,526.33","4,401.41"
2022/2/10,"4,504.10","4,553.20","4,588.90","4,484.30"
2022/2/9,"4,587.20","4,547.00","4,590.00","4,547.00"
2022/2/8,"4,521.50","4,480.00","4,531.30","4,465.40"
2022/2/7,"4,483.90","4,505.80","4,521.90","4,471.50"
2022/2/4,"4,500.50","4,482.80","4,539.70","4,451.50"
2022/2/3,"4,477.40","4,535.40","4,542.90","4,470.40"
2022/2/2,"4,589.40","4,566.40","4,595.30","4,544.30"
2022/2/1,"4,546.50","4,519.60","4,550.50","4,483.50"
2022/1/31,"4,515.60","4,431.80","4,516.90","4,414.00"
2022/1/28,"4,431.90","4,336.20","4,432.70","4,292.50"
2022/1/27,"4,326.50","4,380.60","4,428.70","4,309.50"
2022/1/26,"4,349.90","4,408.40","4,453.20","4,304.80"
2022/1/25,"4,356.40","4,366.60","4,411.00","4,287.10"
2022/1/24,"4,410.10","4,356.30","4,417.40","4,222.60"
2022/1/21,"4,397.90","4,471.40","4,494.50","4,395.30"
2022/1/20,"4,482.70","4,547.40","4,602.10","4,477.90"
2022/1/19,"4,532.80","4,588.00","4,611.60","4,530.20"
2022/1/18,"4,577.10","4,632.20","4,632.20","4,568.70"
2022/1/14,"4,662.90","4,638.00","4,665.10","4,614.80"
2022/1/13,"4,659.00","4,733.60","4,744.10","4,650.30"
2022/1/12,"4,726.40","4,728.60","4,748.80","4,706.70"
2022/1/11,"4,713.10","4,669.10","4,714.10","4,638.30"
2022/1/10,"4,670.30","4,655.30","4,673.00","4,582.20"
2022/1/7,"4,677.00","4,697.70","4,707.90","4,662.70"
2022/1/6,"4,696.10","4,693.40","4,725.00","4,671.30"
2022/1/5,"4,700.60","4,788.00","4,797.70","4,699.40"
2022/1/4,"4,793.50","4,804.50","4,818.60","4,774.30"
2022/1/3,"4,796.60","4,778.10","4,796.60","4,758.20"
2021/12/31,"4,766.20","4,775.20","4,786.80","4,765.80"
2021/12/30,"4,778.70","4,794.20","4,808.90","4,775.30"
2021/12/29,"4,793.10","4,788.60","4,804.10","4,778.10"
2021/12/28,"4,786.40","4,795.50","4,807.00","4,780.00"
2021/12/27,"4,791.20","4,734.00","4,791.50","4,734.00"
2021/12/23,"4,725.80","4,704.00","4,740.70","4,704.00"
2021/12/22,"4,696.60","4,650.40","4,697.70","4,645.50"
2021/12/21,"4,649.20","4,595.00","4,651.10","4,583.20"
2021/12/20,"4,568.00","4,587.90","4,587.90","4,531.10"
2021/12/17,"4,620.60","4,652.50","4,666.70","4,600.20"
2021/12/16,"4,668.70","4,719.10","4,732.00","4,651.90"
2021/12/15,"4,709.90","4,636.50","4,712.60","4,611.20"
2021/12/14,"4,634.10","4,643.00","4,660.50","4,606.50"
2021/12/13,"4,669.00","4,710.30","4,710.30","4,667.60"
2021/12/10,"4,712.00","4,687.60","4,713.60","4,670.20"
2021/12/9,"4,667.40","4,691.00","4,695.30","4,666.00"
2021/12/8,"4,701.20","4,690.90","4,705.10","4,674.50"
2021/12/7,"4,686.80","4,632.00","4,694.00","4,632.00"
2021/12/6,"4,591.70","4,548.40","4,612.60","4,540.50"
2021/12/3,"4,538.40","4,589.50","4,608.00","4,495.10"
2021/12/2,"4,577.10","4,504.70","4,595.50","4,504.70"
2021/12/1,"4,513.00","4,602.80","4,652.90","4,510.30"
2021/11/30,"4,567.00","4,640.20","4,646.00","4,560.00"
2021/11/29,"4,655.30","4,628.80","4,672.90","4,625.30"
2021/11/26,"4,594.60","4,664.60","4,664.60","4,585.40"
2021/11/24,"4,701.50","4,675.80","4,702.90","4,659.90"
2021/11/23,"4,690.70","4,678.50","4,699.40","4,652.70"
2021/11/22,"4,682.90","4,712.00","4,743.80","4,682.20"
2021/11/19,"4,698.00","4,708.40","4,717.80","4,694.20"
2021/11/18,"4,704.50","4,700.70","4,708.80","4,672.80"
2021/11/17,"4,688.70","4,701.50","4,701.50","4,684.40"
2021/11/16,"4,700.90","4,679.40","4,714.90","4,679.40"
2021/11/15,"4,682.80","4,689.30","4,697.40","4,672.90"
2021/11/12,"4,682.90","4,655.20","4,688.50","4,650.80"
2021/11/11,"4,649.30","4,659.40","4,664.60","4,648.30"
2021/11/10,"4,646.70","4,670.30","4,684.90","4,630.90"
2021/11/9,"4,685.20","4,707.20","4,708.50","4,670.90"
2021/11/8,"4,701.70","4,701.50","4,714.90","4,694.40"
2021/11/5,"4,697.50","4,699.30","4,718.50","4,681.30"
2021/11/4,"4,680.10","4,662.90","4,683.00","4,662.60"
2021/11/3,"4,660.60","4,630.60","4,663.50","4,621.20"
2021/11/2,"4,630.60","4,613.30","4,635.10","4,613.30"
2021/11/1,"4,613.70","4,610.60","4,620.30","4,595.10"
2021/10/29,"4,605.40","4,572.90","4,608.10","4,567.60"
2021/10/28,"4,596.40","4,562.80","4,597.60","4,562.80"
2021/10/27,"4,551.70","4,580.20","4,584.60","4,551.70"
2021/10/26,"4,574.80","4,578.70","4,598.50","4,569.20"
2021/10/25,"4,566.50","4,553.70","4,572.60","4,537.40"
2021/10/22,"4,544.90","4,546.10","4,559.70","4,524.00"
2021/10/21,"4,549.80","4,532.20","4,551.40","4,526.90"
2021/10/20,"4,536.20","4,524.40","4,540.90","4,524.40"
2021/10/19,"4,519.60","4,497.30","4,520.40","4,496.40"
2021/10/18,"4,486.50","4,463.70","4,488.80","4,447.50"
2021/10/15,"4,471.40","4,447.70","4,475.80","4,447.70"
2021/10/14,"4,438.30","4,386.80","4,439.70","4,386.80"
2021/10/13,"4,363.80","4,358.00","4,372.90","4,329.90"
2021/10/12,"4,350.60","4,368.30","4,374.90","4,342.10"
2021/10/11,"4,361.20","4,385.40","4,415.90","4,360.60"
2021/10/8,"4,391.30","4,406.50","4,412.00","4,386.20"
2021/10/7,"4,399.80","4,383.70","4,430.00","4,383.70"
2021/10/6,"4,363.60","4,319.60","4,365.60","4,290.50"
2021/10/5,"4,345.70","4,309.90","4,369.20","4,309.90"
2021/10/4,"4,300.50","4,348.80","4,355.50","4,278.90"
2021/10/1,"4,357.00","4,317.20","4,375.20","4,288.50"
2021/9/30,"4,307.50","4,370.70","4,382.60","4,306.20"
2021/9/29,"4,359.50","4,362.40","4,385.60","4,355.10"
2021/9/28,"4,352.60","4,419.50","4,419.50","4,346.30"
2021/9/27,"4,443.10","4,442.10","4,457.30","4,436.20"
2021/9/24,"4,455.50","4,438.00","4,463.10","4,430.30"
2021/9/23,"4,449.00","4,406.80","4,465.40","4,406.80"
2021/9/22,"4,395.60","4,367.40","4,416.80","4,367.40"
2021/9/21,"4,354.20","4,374.40","4,394.90","4,348.00"
2021/9/20,"4,357.70","4,402.90","4,402.90","4,305.90"
2021/9/17,"4,433.00","4,469.70","4,471.50","4,427.80"
2021/9/16,"4,473.80","4,477.10","4,485.90","4,443.80"
2021/9/15,"4,480.70","4,447.50","4,486.90","4,438.40"
2021/9/14,"4,443.10","4,479.30","4,485.70","4,435.50"
2021/9/13,"4,468.70","4,474.80","4,493.00","4,445.70"
2021/9/10,"4,458.60","4,506.90","4,520.50","4,457.70"
2021/9/9,"4,493.30","4,513.00","4,529.90","4,492.10"
2021/9/8,"4,514.10","4,518.10","4,521.80","4,493.90"
2021/9/7,"4,520.00","4,535.40","4,535.40","4,513.00"
2021/9/3,"4,535.40","4,532.40","4,541.40","4,521.30"
2021/9/2,"4,536.90","4,534.50","4,545.90","4,524.70"
2021/9/1,"4,524.10","4,528.80","4,537.10","4,522.00"
2021/8/31,"4,522.70","4,529.80","4,531.40","4,515.80"
2021/8/30,"4,528.80","4,513.80","4,537.40","4,513.80"
2021/8/27,"4,509.40","4,474.10","4,513.30","4,474.10"
2021/8/26,"4,470.00","4,493.80","4,495.90","4,469.00"
2021/8/25,"4,496.20","4,490.40","4,501.70","4,485.70"
2021/8/24,"4,486.20","4,484.40","4,492.80","4,482.30"
2021/8/23,"4,479.50","4,450.30","4,489.90","4,450.30"
2021/8/20,"4,441.70","4,410.60","4,444.40","4,406.80"
2021/8/19,"4,405.80","4,382.40","4,418.60","4,367.70"
2021/8/18,"4,400.30","4,440.90","4,454.30","4,397.60"
2021/8/17,"4,448.10","4,462.10","4,462.10","4,417.80"
2021/8/16,"4,479.70","4,461.60","4,480.30","4,437.70"
2021/8/13,"4,468.00","4,464.80","4,468.40","4,460.80"
2021/8/12,"4,460.80","4,446.10","4,461.80","4,436.00"
2021/8/11,"4,447.70","4,442.20","4,449.40","4,436.40"
2021/8/10,"4,436.80","4,435.80","4,445.20","4,430.00"
2021/8/9,"4,432.40","4,437.80","4,439.40","4,424.70"
2021/8/6,"4,436.50","4,429.10","4,440.80","4,429.10"
2021/8/5,"4,429.10","4,408.90","4,429.80","4,408.90"
2021/8/4,"4,402.70","4,415.90","4,416.20","4,400.20"
2021/8/3,"4,423.10","4,392.70","4,423.80","4,373.00"
2021/8/2,"4,387.20","4,406.90","4,422.20","4,384.80"
2021/7/30,"4,395.30","4,395.10","4,412.20","4,389.60"
2021/7/29,"4,419.10","4,403.60","4,430.00","4,403.60"
2021/7/28,"4,400.60","4,402.90","4,415.50","4,387.00"
2021/7/27,"4,401.50","4,416.40","4,416.40","4,372.50"
2021/7/26,"4,422.30","4,409.60","4,422.70","4,405.40"
2021/7/23,"4,411.80","4,381.20","4,415.20","4,381.20"
2021/7/22,"4,367.50","4,361.30","4,369.90","4,350.10"
2021/7/21,"4,358.70","4,331.10","4,359.70","4,331.10"
2021/7/20,"4,323.10","4,265.10","4,336.80","4,262.10"
2021/7/19,"4,258.50","4,296.40","4,296.40","4,233.10"
2021/7/16,"4,327.20","4,367.40","4,375.10","4,322.50"
2021/7/15,"4,360.00","4,369.00","4,369.00","4,340.70"
2021/7/14,"4,374.30","4,380.10","4,393.70","4,362.40"
2021/7/13,"4,369.20","4,381.10","4,392.40","4,366.90"
2021/7/12,"4,384.60","4,372.40","4,386.70","4,364.00"
2021/7/9,"4,369.60","4,329.40","4,371.60","4,329.40"
2021/7/8,"4,320.80","4,321.10","4,330.90","4,289.40"
2021/7/7,"4,358.10","4,351.00","4,361.90","4,329.80"
2021/7/6,"4,343.50","4,356.50","4,356.50","4,314.40"
2021/7/2,"4,352.30","4,326.60","4,355.40","4,326.60"
2021/7/1,"4,319.90","4,300.70","4,320.70","4,300.70"
2021/6/30,"4,297.50","4,290.60","4,302.40","4,288.00"
2021/6/29,"4,291.80","4,293.20","4,300.50","4,287.00"
2021/6/28,"4,290.60","4,284.90","4,292.10","4,274.70"
2021/6/25,"4,280.70","4,274.40","4,286.10","4,271.20"
2021/6/24,"4,266.50","4,257.00","4,271.30","4,257.00"
2021/6/23,"4,241.80","4,249.30","4,256.60","4,241.40"
2021/6/22,"4,246.40","4,224.60","4,255.80","4,217.30"
2021/6/21,"4,224.80","4,173.40","4,226.20","4,173.40"
2021/6/18,"4,166.40","4,204.80","4,204.80","4,164.40"
2021/6/17,"4,221.90","4,220.40","4,232.30","4,196.10"
2021/6/16,"4,223.70","4,248.90","4,251.90","4,202.40"
2021/6/15,"4,246.60","4,255.30","4,257.20","4,238.40"
2021/6/14,"4,255.10","4,248.30","4,255.60","4,234.10"
2021/6/11,"4,247.40","4,242.90","4,248.40","4,232.20"
2021/6/10,"4,239.20","4,228.60","4,249.70","4,220.30"
2021/6/9,"4,219.60","4,233.00","4,237.10","4,218.70"
2021/6/8,"4,227.30","4,233.80","4,236.70","4,208.40"
2021/6/7,"4,226.50","4,229.30","4,232.30","4,215.70"
2021/6/4,"4,229.90","4,206.10","4,233.40","4,206.10"
2021/6/3,"4,192.90","4,191.40","4,204.40","4,167.90"
2021/6/2,"4,208.10","4,206.80","4,217.40","4,198.30"
2021/6/1,"4,202.00","4,216.50","4,234.10","4,197.60"
2021/5/28,"4,204.10","4,210.80","4,218.40","4,203.60"
2021/5/27,"4,200.90","4,201.90","4,213.40","4,197.80"
2021/5/26,"4,196.00","4,191.60","4,202.60","4,184.10"
2021/5/25,"4,188.10","4,205.90","4,213.40","4,182.50"
2021/5/24,"4,197.10","4,170.20","4,209.50","4,170.20"
2021/5/21,"4,155.90","4,168.60","4,188.70","4,151.70"
2021/5/20,"4,159.10","4,122.00","4,172.80","4,122.00"
2021/5/19,"4,115.70","4,098.40","4,116.90","4,061.40"
2021/5/18,"4,127.80","4,165.90","4,169.10","4,126.00"
2021/5/17,"4,163.30","4,169.90","4,171.90","4,142.70"
2021/5/14,"4,173.90","4,129.60","4,183.10","4,129.60"
2021/5/13,"4,112.50","4,075.00","4,131.60","4,075.00"
2021/5/12,"4,063.00","4,130.60","4,134.70","4,056.90"
2021/5/11,"4,152.10","4,150.30","4,162.00","4,111.50"
2021/5/10,"4,188.40","4,228.30","4,236.40","4,188.10"
2021/5/7,"4,232.60","4,210.30","4,238.00","4,201.60"
2021/5/6,"4,201.60","4,169.10","4,202.70","4,147.30"
2021/5/5,"4,167.60","4,177.10","4,187.70","4,160.90"
2021/5/4,"4,164.70","4,179.00","4,179.00","4,128.60"
2021/5/3,"4,192.70","4,192.00","4,209.40","4,188.00"
2021/4/30,"4,181.20","4,198.10","4,198.10","4,174.90"
2021/4/29,"4,211.50","4,206.10","4,218.80","4,176.80"
2021/4/28,"4,183.20","4,185.10","4,201.50","4,181.80"
2021/4/27,"4,186.70","4,188.20","4,193.40","4,176.20"
2021/4/26,"4,187.60","4,185.00","4,194.20","4,182.40"
2021/4/23,"4,180.20","4,138.80","4,194.20","4,138.80"
2021/4/22,"4,135.00","4,170.50","4,179.60","4,123.70"
2021/4/21,"4,173.40","4,128.40","4,175.00","4,126.40"
2021/4/20,"4,134.90","4,159.20","4,159.20","4,118.40"
2021/4/19,"4,163.30","4,179.80","4,180.80","4,150.50"
2021/4/16,"4,185.50","4,174.10","4,191.30","4,170.80"
2021/4/15,"4,170.40","4,139.80","4,173.50","4,139.80"
2021/4/14,"4,124.70","4,141.60","4,151.70","4,120.90"
2021/4/13,"4,141.60","4,130.10","4,148.00","4,124.40"
2021/4/12,"4,128.00","4,124.70","4,131.80","4,114.80"
2021/4/9,"4,128.80","4,096.10","4,129.50","4,095.50"
2021/4/8,"4,097.20","4,089.90","4,098.20","4,082.50"
2021/4/7,"4,079.90","4,074.30","4,083.10","4,068.30"
2021/4/6,"4,073.90","4,075.60","4,086.20","4,068.10"
2021/4/5,"4,077.90","4,034.40","4,083.40","4,034.40"
2021/4/1,"4,019.90","3,992.80","4,020.60","3,992.80"
2021/3/31,"3,972.90","3,967.20","3,994.40","3,967.00"
2021/3/30,"3,958.60","3,963.30","3,968.00","3,944.30"
2021/3/29,"3,971.10","3,969.30","3,981.80","3,943.20"
2021/3/26,"3,974.50","3,917.10","3,978.20","3,917.10"
2021/3/25,"3,909.50","3,879.30","3,919.50","3,853.50"
2021/3/24,"3,889.10","3,919.90","3,942.10","3,889.10"
2021/3/23,"3,910.50","3,937.60","3,949.10","3,901.60"
2021/3/22,"3,940.60","3,916.50","3,955.30","3,914.20"
2021/3/19,"3,913.10","3,913.10","3,930.10","3,886.80"
2021/3/18,"3,915.50","3,953.50","3,969.60","3,910.90"
2021/3/17,"3,974.10","3,949.60","3,983.90","3,935.70"
2021/3/16,"3,962.70","3,973.60","3,981.00","3,953.40"
2021/3/15,"3,968.90","3,943.00","3,970.10","3,923.50"
2021/3/12,"3,943.30","3,924.50","3,945.00","3,915.20"
2021/3/11,"3,939.30","3,915.50","3,960.30","3,915.50"
2021/3/10,"3,898.80","3,892.00","3,917.30","3,885.70"
2021/3/9,"3,875.40","3,851.90","3,903.80","3,851.90"
2021/3/8,"3,821.30","3,844.40","3,881.10","3,819.20"
2021/3/5,"3,841.90","3,793.60","3,851.70","3,730.20"
2021/3/4,"3,768.50","3,818.50","3,843.70","3,723.30"
2021/3/3,"3,819.70","3,864.00","3,874.50","3,818.90"
2021/3/2,"3,870.30","3,903.60","3,906.40","3,868.60"
2021/3/1,"3,901.80","3,842.50","3,914.50","3,842.50"
2021/2/26,"3,811.20","3,839.70","3,861.10","3,789.50"
2021/2/25,"3,829.30","3,915.80","3,925.00","3,814.00"
2021/2/24,"3,925.40","3,873.70","3,928.70","3,859.60"
2021/2/23,"3,881.40","3,857.10","3,896.00","3,805.60"
2021/2/22,"3,876.50","3,885.60","3,902.90","3,874.70"
2021/2/19,"3,906.70","3,921.20","3,930.40","3,903.10"
2021/2/18,"3,914.00","3,915.90","3,922.00","3,885.00"
2021/2/17,"3,931.30","3,918.50","3,933.60","3,900.40"
2021/2/16,"3,932.60","3,939.60","3,950.40","3,923.80"
2021/2/12,"3,934.80","3,911.70","3,937.20","3,905.80"
2021/2/11,"3,916.40","3,916.40","3,926.00","3,890.40"
2021/2/10,"3,909.90","3,920.80","3,931.50","3,884.90"
2021/2/9,"3,911.20","3,910.50","3,918.30","3,902.60"
2021/2/8,"3,915.60","3,892.60","3,915.80","3,892.60"
2021/2/5,"3,886.80","3,878.30","3,894.60","3,874.90"
2021/2/4,"3,871.70","3,836.70","3,872.40","3,836.70"
2021/2/3,"3,830.20","3,840.30","3,847.50","3,816.70"
2021/2/2,"3,826.30","3,791.80","3,843.10","3,791.80"
2021/2/1,"3,773.90","3,731.20","3,784.30","3,725.60"
2021/1/29,"3,714.20","3,778.10","3,778.10","3,694.10"
2021/1/28,"3,787.40","3,755.80","3,830.50","3,755.80"
2021/1/27,"3,750.80","3,836.80","3,836.80","3,732.50"
2021/1/26,"3,849.60","3,863.00","3,870.90","3,847.80"
2021/1/25,"3,855.40","3,851.70","3,859.20","3,797.20"
2021/1/22,"3,841.50","3,844.20","3,852.30","3,830.40"
2021/1/21,"3,853.10","3,857.50","3,861.40","3,845.10"
2021/1/20,"3,851.80","3,816.20","3,859.80","3,816.20"
2021/1/19,"3,798.90","3,781.90","3,804.50","3,780.40"
2021/1/15,"3,768.20","3,788.70","3,788.70","3,749.60"
2021/1/14,"3,795.50","3,815.00","3,823.60","3,792.90"
2021/1/13,"3,809.80","3,802.20","3,821.00","3,791.50"
2021/1/12,"3,801.20","3,801.60","3,810.80","3,776.50"
2021/1/11,"3,799.60","3,803.10","3,817.90","3,789.00"
2021/1/8,"3,824.70","3,815.10","3,826.70","3,783.60"
2021/1/7,"3,803.80","3,764.70","3,811.60","3,764.70"
2021/1/6,"3,748.10","3,712.20","3,783.00","3,705.30"
2021/1/5,"3,726.90","3,698.00","3,737.80","3,695.10"
2021/1/4,"3,700.70","3,764.60","3,770.00","3,662.70"
2020/12/31,"3,756.10","3,733.30","3,760.20","3,726.90"
2020/12/30,"3,732.00","3,736.20","3,744.60","3,730.20"
2020/12/29,"3,727.00","3,750.00","3,756.10","3,723.30"
2020/12/28,"3,735.40","3,723.00","3,740.50","3,723.00"
2020/12/24,"3,703.10","3,694.00","3,703.80","3,689.30"
2020/12/23,"3,690.00","3,693.40","3,711.20","3,689.30"
2020/12/22,"3,687.30","3,698.10","3,698.30","3,676.20"
2020/12/21,"3,694.90","3,684.30","3,702.90","3,636.50"
2020/12/18,"3,709.40","3,722.40","3,726.70","3,685.80"
2020/12/17,"3,722.50","3,713.70","3,725.10","3,710.90"
2020/12/16,"3,701.20","3,696.20","3,711.30","3,688.60"
2020/12/15,"3,694.60","3,666.40","3,695.30","3,659.60"
2020/12/14,"3,647.50","3,675.30","3,697.60","3,645.80"
2020/12/11,"3,663.50","3,656.10","3,665.90","3,633.40"
2020/12/10,"3,668.10","3,659.10","3,678.50","3,645.20"
2020/12/9,"3,672.80","3,706.00","3,712.40","3,660.50"
2020/12/8,"3,702.20","3,683.10","3,708.40","3,678.80"
2020/12/7,"3,692.00","3,694.70","3,697.40","3,678.90"
2020/12/4,"3,699.10","3,670.90","3,699.20","3,670.90"
2020/12/3,"3,666.70","3,668.30","3,682.70","3,657.20"
2020/12/2,"3,669.00","3,653.80","3,671.00","3,644.80"
2020/12/1,"3,662.40","3,645.90","3,678.40","3,645.90"
2020/11/30,"3,621.60","3,634.20","3,634.20","3,594.40"
2020/11/27,"3,638.30","3,638.60","3,644.30","3,629.30"
2020/11/25,"3,629.70","3,635.50","3,635.50","3,617.80"
2020/11/24,"3,635.40","3,594.50","3,642.30","3,594.50"
2020/11/23,"3,577.60","3,566.80","3,589.80","3,552.80"
2020/11/20,"3,557.50","3,579.30","3,581.20","3,556.80"
2020/11/19,"3,581.90","3,559.40","3,585.20","3,543.80"
2020/11/18,"3,567.80","3,612.10","3,619.10","3,567.30"
2020/11/17,"3,609.50","3,610.30","3,623.10","3,588.70"
2020/11/16,"3,626.90","3,600.20","3,628.50","3,600.20"
2020/11/13,"3,585.20","3,552.60","3,593.70","3,552.60"
2020/11/12,"3,537.00","3,562.70","3,569.00","3,518.60"
2020/11/11,"3,572.70","3,563.20","3,581.20","3,557.00"
2020/11/10,"3,545.50","3,543.30","3,557.20","3,511.90"
2020/11/9,"3,550.50","3,583.00","3,646.00","3,547.50"
2020/11/6,"3,509.40","3,508.30","3,521.60","3,484.30"
2020/11/5,"3,510.40","3,485.70","3,529.10","3,485.70"
2020/11/4,"3,443.40","3,406.50","3,486.20","3,405.20"
2020/11/3,"3,369.20","3,336.20","3,389.50","3,336.20"
2020/11/2,"3,310.20","3,296.20","3,330.10","3,279.70"
2020/10/30,"3,270.00","3,293.60","3,304.90","3,233.90"
2020/10/29,"3,310.10","3,277.20","3,341.10","3,259.80"
2020/10/28,"3,271.00","3,342.50","3,342.50","3,268.90"
2020/10/27,"3,390.70","3,403.20","3,409.50","3,388.70"
2020/10/26,"3,401.00","3,441.40","3,441.40","3,364.90"
2020/10/23,"3,465.40","3,464.90","3,466.50","3,440.40"
2020/10/22,"3,453.50","3,438.50","3,460.50","3,415.30"
2020/10/21,"3,435.60","3,439.90","3,464.90","3,433.10"
2020/10/20,"3,443.10","3,439.40","3,476.90","3,435.70"
2020/10/19,"3,426.90","3,493.70","3,502.40","3,419.90"
2020/10/16,"3,483.80","3,493.50","3,515.80","3,480.40"
2020/10/15,"3,483.30","3,453.70","3,489.10","3,440.90"
2020/10/14,"3,488.70","3,515.50","3,527.90","3,480.60"
2020/10/13,"3,511.90","3,534.00","3,534.00","3,500.90"
2020/10/12,"3,534.20","3,500.00","3,549.80","3,499.60"
2020/10/9,"3,477.10","3,459.70","3,482.30","3,458.10"
2020/10/8,"3,446.80","3,434.30","3,447.30","3,428.20"
2020/10/7,"3,419.40","3,384.60","3,426.30","3,384.60"
2020/10/6,"3,360.90","3,408.70","3,431.60","3,354.50"
2020/10/5,"3,408.60","3,367.30","3,409.60","3,367.30"
2020/10/2,"3,348.40","3,338.90","3,369.10","3,323.70"
2020/10/1,"3,380.80","3,385.90","3,397.20","3,361.40"
2020/9/30,"3,363.00","3,341.20","3,393.60","3,340.50"
2020/9/29,"3,335.50","3,350.90","3,357.90","3,327.50"
2020/9/28,"3,351.60","3,333.90","3,360.70","3,332.90"
2020/9/25,"3,298.50","3,236.70","3,306.90","3,228.40"
2020/9/24,"3,246.60","3,226.10","3,278.70","3,209.40"
2020/9/23,"3,236.90","3,320.10","3,323.30","3,232.60"
2020/9/22,"3,315.60","3,295.80","3,320.30","3,270.90"
2020/9/21,"3,281.10","3,285.60","3,285.60","3,229.10"
2020/9/18,"3,319.50","3,357.40","3,362.30","3,292.40"
2020/9/17,"3,357.00","3,346.90","3,375.20","3,328.80"
2020/9/16,"3,385.50","3,411.20","3,428.90","3,384.40"
2020/9/15,"3,401.20","3,407.70","3,419.50","3,389.20"
2020/9/14,"3,383.50","3,363.60","3,402.90","3,363.60"
2020/9/11,"3,341.00","3,352.70","3,368.90","3,310.50"
2020/9/10,"3,339.20","3,412.60","3,425.60","3,329.20"
2020/9/9,"3,399.00","3,369.80","3,424.80","3,366.80"
2020/9/8,"3,331.80","3,371.90","3,380.00","3,329.30"
2020/9/4,"3,427.00","3,453.60","3,479.20","3,349.60"
2020/9/3,"3,455.10","3,564.70","3,564.80","3,427.40"
2020/9/2,"3,580.80","3,543.80","3,588.10","3,535.20"
2020/9/1,"3,526.70","3,507.40","3,528.00","3,494.60"
2020/8/31,"3,500.30","3,509.70","3,514.80","3,493.20"
2020/8/28,"3,508.00","3,494.70","3,509.20","3,484.30"
2020/8/27,"3,484.60","3,485.10","3,501.40","3,468.30"
2020/8/26,"3,478.70","3,450.00","3,481.10","3,444.20"
2020/8/25,"3,443.60","3,435.90","3,444.20","3,425.80"
2020/8/24,"3,431.30","3,418.10","3,432.10","3,413.10"
2020/8/21,"3,397.20","3,386.00","3,400.00","3,379.30"
2020/8/20,"3,385.50","3,360.50","3,390.80","3,354.70"
2020/8/19,"3,374.80","3,392.50","3,399.50","3,369.70"
2020/8/18,"3,389.80","3,387.00","3,395.10","3,370.20"
2020/8/17,"3,382.00","3,380.90","3,387.60","3,379.20"
2020/8/14,"3,372.80","3,368.70","3,378.50","3,361.60"
2020/8/13,"3,373.40","3,372.90","3,387.20","3,363.30"
2020/8/12,"3,380.30","3,355.50","3,387.90","3,355.50"
2020/8/11,"3,333.70","3,370.30","3,381.00","3,326.40"
2020/8/10,"3,360.50","3,356.00","3,363.30","3,335.40"
2020/8/7,"3,351.30","3,340.10","3,352.50","3,328.70"
2020/8/6,"3,349.20","3,323.20","3,351.00","3,318.10"
2020/8/5,"3,327.80","3,317.40","3,330.80","3,317.40"
2020/8/4,"3,306.50","3,289.90","3,306.80","3,286.40"
2020/8/3,"3,294.60","3,288.30","3,302.70","3,284.50"
2020/7/31,"3,271.10","3,270.40","3,272.20","3,220.30"
2020/7/30,"3,246.20","3,231.80","3,250.90","3,204.10"
2020/7/29,"3,258.40","3,227.20","3,264.70","3,227.20"
2020/7/28,"3,218.40","3,234.30","3,243.70","3,216.20"
2020/7/27,"3,239.40","3,219.80","3,241.40","3,214.20"
2020/7/24,"3,215.60","3,218.60","3,227.30","3,200.10"
2020/7/23,"3,235.70","3,271.60","3,280.00","3,222.70"
2020/7/22,"3,276.00","3,254.90","3,279.30","3,253.10"
2020/7/21,"3,257.30","3,268.50","3,277.30","3,247.80"
2020/7/20,"3,251.80","3,224.30","3,258.60","3,215.20"
2020/7/17,"3,224.70","3,224.20","3,233.50","3,205.70"
2020/7/16,"3,215.60","3,208.40","3,220.40","3,198.60"
2020/7/15,"3,226.60","3,226.00","3,238.30","3,200.80"
2020/7/14,"3,197.50","3,141.10","3,200.90","3,127.70"
2020/7/13,"3,155.20","3,205.10","3,235.30","3,149.40"
2020/7/10,"3,185.00","3,152.50","3,186.80","3,136.20"
2020/7/9,"3,152.10","3,176.20","3,179.80","3,115.70"
2020/7/8,"3,169.90","3,153.10","3,171.80","3,136.50"
2020/7/7,"3,145.30","3,166.40","3,184.20","3,142.90"
2020/7/6,"3,179.70","3,155.30","3,182.60","3,155.30"
2020/7/2,"3,130.00","3,143.60","3,165.80","3,124.50"
2020/7/1,"3,115.90","3,105.90","3,128.40","3,101.20"
2020/6/30,"3,100.30","3,050.20","3,111.50","3,047.80"
2020/6/29,"3,053.20","3,018.60","3,053.90","2,999.70"
2020/6/26,"3,009.10","3,073.20","3,073.70","3,004.60"
2020/6/25,"3,083.80","3,046.60","3,086.20","3,024.00"
2020/6/24,"3,050.30","3,114.40","3,115.00","3,032.10"
2020/6/23,"3,131.30","3,138.70","3,154.90","3,127.10"
2020/6/22,"3,117.90","3,094.40","3,120.90","3,079.40"
2020/6/19,"3,097.70","3,140.30","3,155.50","3,083.10"
2020/6/18,"3,115.30","3,101.60","3,120.00","3,093.50"
2020/6/17,"3,113.50","3,136.10","3,141.20","3,108.00"
2020/6/16,"3,124.70","3,131.00","3,153.40","3,076.10"
2020/6/15,"3,066.60","2,993.80","3,079.80","2,965.70"
2020/6/12,"3,041.30","3,071.00","3,088.40","2,984.50"
2020/6/11,"3,002.10","3,123.50","3,123.50","2,999.50"
2020/6/10,"3,190.10","3,213.40","3,223.30","3,181.50"
2020/6/9,"3,207.20","3,213.30","3,222.70","3,193.10"
2020/6/8,"3,232.40","3,199.90","3,233.10","3,196.00"
2020/6/5,"3,193.90","3,163.80","3,211.70","3,163.80"
2020/6/4,"3,112.30","3,111.60","3,128.90","3,090.40"
2020/6/3,"3,122.90","3,098.90","3,130.90","3,098.90"
2020/6/2,"3,080.80","3,064.80","3,081.10","3,051.60"
2020/6/1,"3,055.70","3,038.80","3,062.20","3,031.50"
2020/5/29,"3,044.30","3,025.20","3,049.20","2,998.60"
2020/5/28,"3,029.70","3,046.60","3,068.70","3,023.40"
2020/5/27,"3,036.10","3,015.70","3,036.20","2,969.80"
2020/5/26,"2,991.80","3,004.10","3,021.70","2,988.20"
2020/5/22,"2,955.40","2,948.10","2,956.80","2,933.60"
2020/5/21,"2,948.50","2,969.90","2,978.50","2,938.60"
2020/5/20,"2,971.60","2,953.60","2,980.30","2,953.60"
2020/5/19,"2,922.90","2,948.60","2,964.20","2,922.30"
2020/5/18,"2,953.90","2,913.90","2,968.10","2,913.90"
2020/5/15,"2,863.70","2,829.90","2,865.00","2,816.80"
2020/5/14,"2,852.50","2,794.50","2,852.80","2,766.60"
2020/5/13,"2,820.00","2,865.90","2,874.10","2,793.20"
2020/5/12,"2,870.10","2,939.50","2,945.80","2,869.60"
2020/5/11,"2,930.30","2,915.50","2,944.20","2,903.40"
2020/5/8,"2,929.80","2,908.80","2,932.20","2,902.90"
2020/5/7,"2,881.20","2,878.30","2,901.90","2,876.50"
2020/5/6,"2,848.40","2,883.10","2,891.10","2,847.70"
2020/5/5,"2,868.40","2,868.90","2,898.20","2,863.60"
2020/5/4,"2,842.70","2,815.00","2,844.20","2,797.80"
2020/5/1,"2,830.70","2,869.10","2,869.10","2,821.60"
2020/4/30,"2,912.40","2,930.90","2,930.90","2,892.50"
2020/4/29,"2,939.50","2,918.50","2,954.90","2,912.20"
2020/4/28,"2,863.40","2,910.00","2,921.20","2,860.70"
2020/4/27,"2,878.50","2,854.70","2,887.70","2,852.90"
2020/4/24,"2,836.70","2,812.60","2,842.70","2,791.80"
2020/4/23,"2,797.80","2,810.40","2,844.90","2,794.30"
2020/4/22,"2,799.30","2,787.90","2,815.10","2,775.90"
2020/4/21,"2,736.60","2,784.80","2,785.50","2,727.10"
2020/4/20,"2,823.20","2,845.60","2,869.00","2,820.40"
2020/4/17,"2,874.60","2,842.40","2,879.20","2,830.90"
2020/4/16,"2,799.60","2,799.30","2,806.50","2,764.30"
2020/4/15,"2,783.40","2,795.60","2,801.90","2,761.50"
2020/4/14,"2,846.10","2,805.10","2,851.80","2,805.10"
2020/4/13,"2,761.60","2,782.50","2,782.50","2,721.20"
2020/4/9,"2,789.80","2,777.00","2,818.60","2,762.40"
2020/4/8,"2,750.00","2,685.00","2,760.80","2,663.30"
2020/4/7,"2,659.40","2,738.70","2,756.90","2,657.70"
2020/4/6,"2,663.70","2,578.30","2,676.80","2,574.60"
2020/4/3,"2,488.70","2,514.90","2,538.20","2,460.00"
2020/4/2,"2,526.90","2,458.50","2,533.20","2,455.80"
2020/4/1,"2,470.50","2,498.10","2,522.80","2,447.50"
2020/3/31,"2,584.60","2,614.70","2,641.40","2,571.20"
2020/3/30,"2,626.70","2,559.00","2,631.80","2,545.30"
2020/3/27,"2,541.50","2,555.90","2,615.90","2,520.00"
2020/3/26,"2,630.10","2,501.30","2,637.00","2,500.70"
2020/3/25,"2,475.60","2,457.80","2,571.40","2,407.50"
2020/3/24,"2,447.30","2,344.40","2,449.70","2,344.40"
2020/3/23,"2,237.40","2,290.70","2,300.70","2,191.90"
2020/3/20,"2,304.90","2,431.90","2,453.00","2,295.60"
2020/3/19,"2,409.40","2,393.50","2,467.00","2,319.80"
2020/3/18,"2,398.10","2,436.50","2,453.60","2,280.50"
2020/3/17,"2,529.20","2,425.70","2,553.90","2,367.00"
2020/3/16,"2,386.10","2,508.60","2,563.00","2,380.90"
2020/3/13,"2,711.00","2,570.00","2,711.30","2,492.40"
2020/3/12,"2,480.60","2,630.90","2,660.90","2,478.90"
2020/3/11,"2,741.40","2,825.60","2,825.60","2,707.20"
2020/3/10,"2,882.20","2,813.50","2,882.60","2,734.00"
2020/3/9,"2,746.60","2,863.90","2,863.90","2,734.40"
2020/3/6,"2,972.40","2,954.20","2,985.90","2,901.50"
2020/3/5,"3,023.90","3,075.70","3,083.00","2,999.80"
2020/3/4,"3,130.10","3,045.80","3,131.00","3,034.40"
2020/3/3,"3,003.40","3,096.50","3,136.70","2,976.60"
2020/3/2,"3,090.20","2,974.30","3,091.00","2,945.20"
2020/2/28,"2,954.20","2,916.90","2,959.70","2,855.80"
2020/2/27,"2,978.80","3,062.50","3,097.10","2,977.40"
2020/2/26,"3,116.40","3,139.90","3,182.50","3,109.00"
2020/2/25,"3,128.20","3,238.90","3,247.00","3,118.80"
2020/2/24,"3,225.90","3,257.60","3,259.80","3,214.70"
2020/2/21,"3,337.80","3,360.50","3,360.80","3,328.40"
2020/2/20,"3,373.20","3,380.40","3,389.20","3,341.00"
2020/2/19,"3,386.20","3,380.40","3,393.50","3,378.80"
2020/2/18,"3,370.30","3,369.00","3,375.00","3,355.60"
2020/2/14,"3,380.20","3,378.10","3,380.70","3,366.20"
2020/2/13,"3,373.90","3,365.90","3,385.10","3,360.50"
2020/2/12,"3,379.40","3,370.50","3,381.50","3,369.70"
2020/2/11,"3,357.80","3,365.90","3,375.60","3,352.70"
2020/2/10,"3,352.10","3,318.30","3,352.30","3,317.80"
2020/2/7,"3,327.70","3,335.50","3,341.40","3,322.10"
2020/2/6,"3,345.80","3,344.90","3,348.00","3,334.40"
2020/2/5,"3,334.70","3,324.90","3,337.60","3,313.80"
2020/2/4,"3,297.60","3,280.60","3,306.90","3,280.60"
2020/2/3,"3,248.90","3,235.70","3,268.40","3,235.70"
2020/1/31,"3,225.50","3,282.30","3,282.30","3,214.70"
2020/1/30,"3,283.70","3,256.40","3,285.90","3,242.80"
2020/1/29,"3,273.40","3,289.50","3,293.50","3,271.90"
2020/1/28,"3,276.20","3,255.30","3,285.80","3,253.20"
2020/1/27,"3,243.60","3,247.20","3,258.80","3,234.50"
2020/1/24,"3,295.50","3,333.10","3,333.20","3,281.50"
2020/1/23,"3,325.50","3,315.80","3,326.90","3,301.90"
2020/1/22,"3,321.80","3,330.00","3,337.80","3,320.00"
2020/1/21,"3,320.80","3,321.00","3,329.80","3,316.60"
2020/1/17,"3,329.60","3,323.70","3,329.90","3,318.90"
2020/1/16,"3,316.80","3,303.00","3,317.10","3,302.80"
2020/1/15,"3,289.30","3,282.30","3,298.70","3,280.70"
2020/1/14,"3,283.20","3,285.30","3,294.20","3,277.20"
2020/1/13,"3,288.10","3,271.10","3,288.10","3,268.40"
2020/1/10,"3,265.30","3,281.80","3,283.00","3,260.90"
2020/1/9,"3,274.70","3,266.00","3,275.60","3,263.70"
2020/1/8,"3,253.10","3,238.60","3,267.10","3,236.70"
2020/1/7,"3,237.20","3,241.90","3,244.90","3,232.40"
2020/1/6,"3,246.30","3,217.60","3,246.80","3,214.60"
2020/1/3,"3,234.80","3,226.40","3,246.20","3,222.30"
2020/1/2,"3,257.80","3,244.70","3,258.10","3,235.50"
2019/12/31,"3,230.80","3,215.20","3,231.70","3,212.00"
2019/12/30,"3,221.30","3,240.10","3,240.90","3,216.60"
2019/12/27,"3,240.00","3,247.20","3,247.90","3,234.40"
2019/12/26,"3,239.90","3,227.20","3,240.10","3,227.20"
2019/12/24,"3,223.40","3,225.40","3,226.40","3,220.50"
2019/12/23,"3,224.00","3,226.10","3,227.80","3,222.30"
2019/12/20,"3,221.20","3,223.30","3,225.70","3,216.00"
2019/12/19,"3,205.40","3,192.30","3,205.50","3,192.30"
2019/12/18,"3,191.10","3,195.20","3,198.50","3,191.10"
2019/12/17,"3,192.50","3,195.40","3,198.20","3,191.00"
2019/12/16,"3,191.40","3,183.60","3,197.70","3,183.60"
2019/12/13,"3,168.80","3,166.70","3,182.70","3,156.50"
2019/12/12,"3,168.60","3,141.20","3,176.30","3,138.50"
2019/12/11,"3,141.60","3,135.80","3,144.00","3,133.20"
2019/12/10,"3,132.50","3,135.40","3,142.10","3,126.10"
2019/12/9,"3,136.00","3,141.90","3,148.90","3,135.50"
2019/12/6,"3,145.90","3,134.60","3,150.60","3,134.60"
2019/12/5,"3,117.40","3,119.20","3,119.40","3,103.80"
2019/12/4,"3,112.80","3,103.50","3,119.40","3,102.50"
2019/12/3,"3,093.20","3,087.40","3,095.00","3,070.30"
2019/12/2,"3,113.90","3,143.80","3,144.30","3,110.80"
2019/11/29,"3,141.00","3,147.20","3,150.30","3,139.30"
2019/11/27,"3,153.60","3,145.50","3,154.30","3,143.40"
2019/11/26,"3,140.50","3,134.80","3,142.70","3,131.00"
2019/11/25,"3,133.60","3,117.40","3,133.80","3,117.40"
2019/11/22,"3,110.30","3,111.40","3,112.90","3,099.30"
2019/11/21,"3,103.50","3,108.50","3,110.10","3,094.60"
2019/11/20,"3,108.50","3,114.70","3,119.00","3,091.40"
2019/11/19,"3,120.20","3,127.40","3,127.60","3,113.50"
2019/11/18,"3,122.00","3,117.90","3,124.20","3,112.10"
2019/11/15,"3,120.50","3,107.90","3,120.50","3,104.60"
2019/11/14,"3,096.60","3,090.80","3,098.20","3,083.30"
2019/11/13,"3,094.00","3,084.20","3,098.10","3,078.80"
2019/11/12,"3,091.80","3,089.30","3,102.60","3,084.70"
2019/11/11,"3,087.00","3,080.30","3,088.30","3,075.80"
2019/11/8,"3,093.10","3,081.20","3,093.10","3,073.60"
2019/11/7,"3,085.20","3,087.00","3,097.80","3,080.20"
2019/11/6,"3,076.80","3,075.10","3,078.30","3,065.90"
2019/11/5,"3,074.60","3,080.80","3,083.90","3,072.20"
2019/11/4,"3,078.30","3,079.00","3,085.20","3,074.90"
2019/11/1,"3,066.90","3,050.70","3,066.90","3,050.70"
2019/10/31,"3,037.60","3,046.90","3,046.90","3,023.20"
2019/10/30,"3,046.80","3,039.70","3,050.10","3,026.00"
2019/10/29,"3,036.90","3,035.40","3,047.90","3,034.80"
2019/10/28,"3,039.40","3,032.10","3,044.10","3,032.10"
2019/10/25,"3,022.60","3,003.30","3,027.40","3,001.90"
2019/10/24,"3,010.30","3,014.80","3,016.10","3,000.40"
2019/10/23,"3,004.50","2,994.00","3,004.80","2,991.20"
2019/10/22,"2,996.00","3,010.70","3,014.60","2,995.00"
2019/10/21,"3,006.70","2,996.50","3,007.30","2,995.30"
2019/10/18,"2,986.20","2,996.80","3,000.00","2,976.30"
2019/10/17,"2,997.90","3,000.80","3,008.30","2,991.80"
2019/10/16,"2,989.70","2,989.70","2,997.50","2,985.20"
2019/10/15,"2,995.70","2,973.60","3,003.30","2,973.60"
2019/10/14,"2,966.20","2,965.80","2,972.80","2,962.90"
2019/10/11,"2,970.30","2,963.10","2,993.30","2,963.10"
2019/10/10,"2,938.10","2,918.60","2,948.50","2,917.10"
2019/10/9,"2,919.40","2,911.10","2,929.30","2,907.40"
2019/10/8,"2,893.10","2,920.40","2,925.50","2,892.70"
2019/10/7,"2,938.80","2,944.20","2,959.80","2,935.70"
2019/10/4,"2,952.00","2,918.60","2,953.70","2,918.60"
2019/10/3,"2,910.60","2,885.40","2,911.10","2,855.90"
2019/10/2,"2,887.60","2,924.80","2,924.80","2,874.90"
2019/10/1,"2,940.20","2,983.70","2,992.50","2,938.70"
2019/9/30,"2,976.70","2,967.10","2,983.80","2,967.10"
2019/9/27,"2,961.80","2,985.50","2,987.30","2,945.50"
2019/9/26,"2,977.60","2,985.70","2,987.30","2,963.70"
2019/9/25,"2,984.90","2,968.30","2,989.80","2,952.90"
2019/9/24,"2,966.60","3,002.40","3,008.00","2,957.70"
2019/9/23,"2,991.80","2,983.50","2,999.20","2,982.20"
2019/9/20,"2,992.10","3,008.40","3,016.40","2,984.70"
2019/9/19,"3,006.80","3,010.40","3,022.00","3,003.20"
2019/9/18,"3,006.70","3,001.50","3,007.80","2,978.60"
2019/9/17,"3,005.70","2,995.70","3,006.20","2,993.70"
2019/9/16,"2,998.00","2,996.40","3,002.20","2,990.70"
2019/9/13,"3,007.40","3,012.20","3,017.30","3,002.90"
2019/9/12,"3,009.60","3,009.10","3,020.70","3,000.90"
2019/9/11,"3,000.90","2,981.40","3,000.90","2,975.30"
2019/9/10,"2,979.40","2,971.00","2,979.40","2,957.00"
2019/9/9,"2,978.40","2,988.40","2,989.40","2,969.40"
2019/9/6,"2,978.70","2,980.30","2,985.00","2,972.50"
2019/9/5,"2,976.00","2,960.60","2,985.90","2,960.60"
2019/9/4,"2,937.80","2,924.70","2,938.80","2,921.90"
2019/9/3,"2,906.30","2,909.00","2,914.40","2,891.80"
2019/8/30,"2,926.50","2,937.10","2,940.40","2,913.30"
2019/8/29,"2,924.60","2,910.40","2,930.50","2,905.70"
2019/8/28,"2,887.90","2,861.30","2,890.00","2,853.10"
2019/8/27,"2,869.20","2,893.10","2,898.80","2,860.60"
2019/8/26,"2,878.40","2,866.70","2,879.30","2,856.00"
2019/8/23,"2,847.10","2,911.10","2,927.00","2,835.00"
2019/8/22,"2,922.90","2,930.90","2,939.10","2,904.50"
2019/8/21,"2,924.40","2,922.00","2,928.70","2,917.90"
2019/8/20,"2,900.50","2,919.00","2,923.60","2,899.60"
2019/8/19,"2,923.70","2,913.50","2,931.00","2,913.50"
2019/8/16,"2,888.70","2,864.70","2,893.60","2,864.70"
2019/8/15,"2,847.60","2,846.20","2,856.70","2,825.50"
2019/8/14,"2,840.60","2,894.20","2,894.20","2,839.60"
2019/8/13,"2,926.30","2,880.70","2,943.30","2,877.10"
2019/8/12,"2,883.80","2,907.10","2,907.60","2,873.10"
2019/8/9,"2,918.70","2,930.50","2,935.80","2,900.20"
2019/8/8,"2,938.10","2,896.20","2,938.70","2,894.50"
2019/8/7,"2,884.00","2,858.70","2,892.20","2,825.70"
2019/8/6,"2,881.80","2,861.20","2,884.40","2,847.40"
2019/8/5,"2,844.70","2,898.10","2,898.10","2,822.10"
2019/8/2,"2,932.10","2,943.90","2,945.50","2,914.10"
2019/8/1,"2,953.60","2,980.30","3,013.60","2,945.20"
2019/7/31,"2,980.40","3,016.20","3,017.40","2,958.10"
2019/7/30,"3,013.20","3,007.70","3,017.20","3,000.90"
2019/7/29,"3,021.00","3,024.50","3,025.60","3,014.30"
2019/7/26,"3,025.90","3,013.20","3,028.00","3,012.60"
2019/7/25,"3,003.70","3,016.30","3,016.30","2,997.20"
2019/7/24,"3,019.60","2,998.80","3,019.60","2,996.80"
2019/7/23,"3,005.50","2,994.70","3,005.90","2,988.60"
2019/7/22,"2,985.00","2,981.90","2,990.70","2,976.70"
2019/7/19,"2,976.60","3,004.30","3,006.00","2,975.90"
2019/7/18,"2,995.10","2,978.90","2,998.30","2,973.10"
2019/7/17,"2,984.40","3,005.10","3,005.30","2,984.20"
2019/7/16,"3,004.00","3,012.10","3,015.00","3,001.20"
2019/7/15,"3,014.30","3,017.80","3,017.80","3,008.80"
2019/7/12,"3,013.80","3,003.40","3,013.90","3,001.90"
2019/7/11,"2,999.90","2,999.60","3,002.30","2,988.80"
2019/7/10,"2,993.10","2,989.30","3,003.00","2,984.60"
2019/7/9,"2,979.60","2,965.50","2,981.90","2,963.40"
2019/7/8,"2,975.90","2,979.80","2,980.80","2,970.10"
2019/7/5,"2,990.40","2,984.20","2,994.00","2,968.00"
2019/7/3,"2,995.80","2,978.10","2,995.80","2,978.00"
2019/7/2,"2,973.00","2,964.70","2,973.20","2,955.90"
2019/7/1,"2,964.30","2,971.40","2,977.90","2,952.20"
2019/6/28,"2,941.80","2,932.90","2,944.00","2,929.10"
2019/6/27,"2,924.90","2,919.70","2,929.30","2,918.60"
2019/6/26,"2,913.80","2,926.10","2,932.60","2,913.00"
2019/6/25,"2,917.40","2,945.80","2,946.50","2,916.00"
2019/6/24,"2,945.30","2,951.40","2,954.90","2,944.10"
2019/6/21,"2,950.50","2,952.70","2,964.20","2,946.90"
2019/6/20,"2,954.20","2,949.60","2,958.10","2,931.50"
2019/6/19,"2,926.50","2,920.60","2,931.70","2,911.40"
2019/6/18,"2,917.80","2,906.70","2,930.80","2,905.40"
2019/6/17,"2,889.70","2,889.80","2,897.30","2,887.30"
2019/6/14,"2,887.00","2,886.80","2,894.40","2,879.60"
2019/6/13,"2,891.60","2,886.20","2,895.20","2,882.00"
2019/6/12,"2,879.80","2,882.70","2,888.60","2,874.70"
2019/6/11,"2,885.70","2,903.30","2,910.60","2,878.50"
2019/6/10,"2,886.70","2,885.80","2,904.80","2,885.50"
2019/6/7,"2,873.30","2,852.90","2,885.00","2,852.90"
2019/6/6,"2,843.50","2,828.50","2,852.10","2,822.40"
2019/6/5,"2,826.20","2,818.10","2,827.30","2,800.90"
2019/6/4,"2,803.30","2,762.60","2,804.50","2,762.60"
2019/6/3,"2,744.40","2,751.50","2,763.10","2,728.80"
2019/5/31,"2,752.10","2,766.20","2,769.00","2,750.50"
2019/5/30,"2,788.90","2,786.90","2,799.00","2,776.70"
2019/5/29,"2,783.00","2,790.20","2,792.00","2,766.10"
2019/5/28,"2,802.40","2,830.00","2,840.50","2,801.60"
2019/5/24,"2,826.10","2,832.40","2,841.40","2,820.20"
2019/5/23,"2,822.20","2,836.70","2,836.70","2,805.50"
2019/5/22,"2,856.30","2,856.10","2,865.50","2,851.10"
2019/5/21,"2,864.40","2,854.00","2,868.90","2,854.00"
2019/5/20,"2,840.20","2,841.90","2,853.90","2,831.30"
2019/5/17,"2,859.50","2,858.60","2,885.50","2,854.20"
2019/5/16,"2,876.30","2,855.80","2,892.20","2,855.80"
2019/5/15,"2,851.00","2,820.40","2,858.70","2,815.10"
2019/5/14,"2,834.40","2,820.10","2,852.50","2,820.10"
2019/5/13,"2,811.90","2,840.20","2,840.20","2,801.40"
2019/5/10,"2,881.40","2,863.10","2,891.30","2,825.40"
2019/5/9,"2,870.70","2,859.80","2,876.00","2,836.40"
2019/5/8,"2,879.40","2,879.60","2,898.00","2,873.30"
2019/5/7,"2,884.10","2,913.00","2,913.00","2,862.60"
2019/5/6,"2,932.50","2,908.90","2,937.30","2,898.20"
2019/5/3,"2,945.60","2,929.20","2,947.80","2,929.20"
2019/5/2,"2,917.50","2,922.20","2,931.70","2,900.50"
2019/5/1,"2,923.70","2,952.30","2,954.10","2,923.40"
2019/4/30,"2,945.80","2,937.10","2,948.20","2,924.10"
2019/4/29,"2,943.00","2,940.60","2,949.50","2,939.30"
2019/4/26,"2,939.90","2,925.80","2,939.90","2,917.60"
2019/4/25,"2,926.20","2,929.00","2,933.10","2,912.80"
2019/4/24,"2,927.20","2,934.00","2,936.80","2,926.10"
2019/4/23,"2,933.70","2,910.00","2,936.30","2,908.50"
2019/4/22,"2,908.00","2,898.80","2,909.50","2,896.30"
2019/4/18,"2,905.00","2,904.80","2,908.40","2,891.90"
2019/4/17,"2,900.40","2,916.00","2,918.00","2,895.40"
2019/4/16,"2,907.10","2,912.30","2,916.10","2,900.70"
2019/4/15,"2,905.60","2,908.30","2,909.60","2,896.50"
2019/4/12,"2,907.40","2,900.90","2,910.50","2,898.40"
2019/4/11,"2,888.30","2,891.90","2,893.40","2,882.00"
2019/4/10,"2,888.20","2,881.40","2,889.70","2,879.10"
2019/4/9,"2,878.20","2,886.60","2,886.90","2,873.30"
2019/4/8,"2,895.80","2,888.50","2,895.90","2,880.80"
2019/4/5,"2,892.70","2,884.20","2,893.20","2,883.00"
2019/4/4,"2,879.40","2,874.00","2,881.30","2,867.10"
2019/4/3,"2,873.40","2,876.10","2,885.20","2,865.20"
2019/4/2,"2,867.20","2,868.20","2,872.90","2,858.80"
2019/4/1,"2,867.20","2,848.60","2,869.40","2,848.60"
2019/3/29,"2,834.40","2,828.30","2,836.00","2,819.20"
2019/3/28,"2,815.40","2,809.40","2,819.70","2,798.80"
2019/3/27,"2,805.40","2,819.70","2,825.60","2,787.70"
2019/3/26,"2,818.50","2,812.70","2,829.90","2,804.00"
2019/3/25,"2,798.40","2,796.00","2,809.80","2,785.00"
2019/3/22,"2,800.70","2,844.50","2,846.20","2,800.50"
2019/3/21,"2,854.90","2,819.70","2,860.30","2,817.40"
2019/3/20,"2,824.20","2,831.30","2,843.50","2,812.40"
2019/3/19,"2,832.60","2,840.80","2,852.40","2,823.30"
2019/3/18,"2,832.90","2,822.60","2,835.40","2,822.00"
2019/3/15,"2,822.50","2,810.80","2,830.70","2,810.80"
2019/3/14,"2,808.50","2,810.40","2,815.00","2,803.50"
2019/3/13,"2,810.90","2,799.80","2,821.20","2,799.80"
2019/3/12,"2,791.50","2,787.30","2,798.30","2,786.70"
2019/3/11,"2,783.30","2,747.60","2,784.00","2,747.60"
2019/3/8,"2,743.10","2,730.80","2,744.10","2,722.30"
2019/3/7,"2,748.90","2,766.50","2,767.20","2,739.10"
2019/3/6,"2,771.40","2,790.30","2,790.30","2,768.70"
2019/3/5,"2,789.70","2,794.40","2,796.40","2,783.00"
2019/3/4,"2,792.80","2,814.40","2,816.90","2,767.70"
2019/3/1,"2,803.70","2,798.20","2,808.00","2,787.40"
2019/2/28,"2,784.50","2,788.10","2,793.70","2,782.50"
2019/2/27,"2,792.40","2,787.50","2,795.80","2,775.10"
2019/2/26,"2,793.90","2,792.40","2,803.10","2,789.50"
2019/2/25,"2,796.10","2,804.30","2,813.50","2,795.00"
2019/2/22,"2,792.70","2,780.70","2,794.20","2,779.10"
2019/2/21,"2,774.90","2,780.20","2,781.60","2,764.60"
2019/2/20,"2,784.70","2,779.10","2,789.90","2,774.10"
2019/2/19,"2,779.80","2,769.30","2,787.30","2,767.30"
2019/2/15,"2,775.60","2,760.20","2,775.70","2,760.20"
2019/2/14,"2,745.70","2,743.50","2,757.90","2,731.20"
2019/2/13,"2,753.00","2,750.30","2,761.80","2,748.60"
2019/2/12,"2,744.70","2,722.60","2,748.20","2,722.60"
2019/2/11,"2,709.80","2,712.40","2,718.10","2,703.80"
2019/2/8,"2,707.90","2,692.40","2,708.10","2,681.80"
2019/2/7,"2,706.10","2,717.50","2,719.30","2,687.30"
2019/2/6,"2,731.60","2,735.10","2,738.10","2,724.20"
2019/2/5,"2,737.70","2,728.30","2,739.00","2,724.00"
2019/2/4,"2,724.90","2,706.50","2,725.00","2,698.80"
2019/2/1,"2,706.50","2,702.30","2,716.70","2,696.90"
2019/1/31,"2,704.10","2,685.50","2,708.90","2,678.70"
2019/1/30,"2,681.10","2,653.60","2,690.40","2,648.30"
2019/1/29,"2,640.00","2,644.90","2,650.90","2,631.10"
2019/1/28,"2,643.80","2,645.00","2,645.00","2,624.10"
2019/1/25,"2,664.80","2,657.40","2,672.40","2,657.30"
2019/1/24,"2,642.30","2,638.80","2,647.20","2,627.00"
2019/1/23,"2,638.70","2,643.50","2,653.20","2,612.90"
2019/1/22,"2,632.90","2,657.90","2,657.90","2,617.30"
2019/1/18,"2,670.70","2,651.30","2,675.50","2,647.60"
2019/1/17,"2,636.00","2,609.30","2,645.10","2,606.40"
2019/1/16,"2,616.10","2,614.80","2,625.80","2,612.70"
2019/1/15,"2,610.30","2,585.10","2,613.10","2,585.10"
2019/1/14,"2,582.60","2,580.30","2,589.30","2,570.40"
2019/1/11,"2,596.30","2,588.10","2,596.30","2,577.40"
2019/1/10,"2,596.60","2,573.50","2,597.80","2,562.00"
2019/1/9,"2,585.00","2,580.00","2,595.30","2,568.90"
2019/1/8,"2,574.40","2,568.10","2,579.80","2,547.60"
2019/1/7,"2,549.70","2,535.60","2,566.20","2,524.60"
2019/1/4,"2,531.90","2,474.30","2,538.10","2,474.30"
2019/1/3,"2,447.90","2,491.90","2,493.10","2,444.00"
2019/1/2,"2,510.00","2,477.00","2,519.50","2,467.50"
2018/12/31,"2,506.80","2,498.90","2,509.20","2,482.80"
2018/12/28,"2,485.70","2,498.80","2,520.30","2,472.90"
2018/12/27,"2,488.80","2,442.50","2,489.10","2,397.90"
2018/12/26,"2,467.70","2,363.10","2,467.80","2,346.60"
2018/12/24,"2,351.10","2,400.60","2,410.30","2,351.10"
2018/12/21,"2,416.60","2,465.40","2,504.40","2,408.60"
2018/12/20,"2,467.40","2,496.80","2,509.60","2,441.20"
2018/12/19,"2,507.00","2,547.10","2,585.30","2,489.00"
2018/12/18,"2,546.20","2,559.90","2,574.00","2,528.70"
2018/12/17,"2,545.90","2,590.80","2,601.10","2,530.50"
2018/12/14,"2,599.90","2,629.70","2,635.10","2,593.80"
2018/12/13,"2,650.50","2,658.70","2,670.20","2,637.30"
2018/12/12,"2,651.10","2,658.20","2,685.40","2,650.30"
2018/12/11,"2,636.80","2,664.40","2,674.30","2,621.30"
2018/12/10,"2,637.70","2,630.90","2,647.50","2,583.20"
2018/12/7,"2,633.10","2,691.30","2,708.50","2,623.10"
2018/12/6,"2,695.90","2,663.50","2,696.20","2,621.50"
2018/12/4,"2,700.10","2,782.40","2,785.90","2,697.20"
2018/12/3,"2,790.40","2,790.50","2,800.20","2,773.40"
2018/11/30,"2,760.20","2,737.80","2,760.90","2,732.80"
2018/11/29,"2,737.80","2,737.00","2,753.80","2,722.90"
2018/11/28,"2,743.80","2,691.40","2,744.00","2,684.40"
2018/11/27,"2,682.20","2,663.80","2,682.50","2,655.90"
2018/11/26,"2,673.40","2,650.00","2,674.30","2,650.00"
2018/11/23,"2,632.60","2,633.40","2,647.60","2,631.10"
2018/11/21,"2,649.90","2,657.70","2,670.70","2,649.80"
2018/11/20,"2,641.90","2,654.60","2,669.40","2,631.50"
2018/11/19,"2,690.70","2,730.70","2,733.20","2,681.10"
2018/11/16,"2,736.30","2,718.50","2,746.80","2,712.20"
2018/11/15,"2,730.20","2,693.50","2,735.40","2,670.80"
2018/11/14,"2,701.60","2,737.90","2,746.80","2,685.80"
2018/11/13,"2,722.20","2,730.10","2,754.60","2,715.00"
2018/11/12,"2,726.20","2,773.90","2,776.00","2,722.00"
2018/11/9,"2,781.00","2,794.10","2,794.10","2,764.20"
2018/11/8,"2,806.80","2,806.40","2,814.80","2,795.00"
2018/11/7,"2,813.90","2,774.10","2,815.20","2,774.10"
2018/11/6,"2,755.40","2,738.40","2,756.80","2,737.10"
2018/11/5,"2,738.30","2,726.40","2,744.30","2,717.90"
2018/11/2,"2,723.10","2,745.40","2,756.60","2,700.40"
2018/11/1,"2,740.40","2,717.60","2,741.70","2,708.80"
2018/10/31,"2,711.70","2,705.60","2,736.70","2,705.60"
2018/10/30,"2,682.60","2,640.70","2,685.40","2,635.30"
2018/10/29,"2,641.20","2,682.70","2,706.80","2,603.50"
2018/10/26,"2,658.70","2,667.90","2,692.40","2,628.20"
2018/10/25,"2,705.60","2,674.90","2,722.70","2,667.80"
2018/10/24,"2,656.10","2,737.90","2,742.60","2,651.90"
2018/10/23,"2,740.70","2,721.00","2,753.60","2,691.40"
2018/10/22,"2,755.90","2,773.90","2,778.90","2,749.20"
2018/10/19,"2,767.80","2,775.70","2,797.80","2,760.30"
2018/10/18,"2,768.80","2,802.00","2,806.00","2,755.20"
2018/10/17,"2,809.20","2,811.70","2,816.90","2,781.80"
2018/10/16,"2,809.90","2,767.10","2,813.50","2,766.90"
2018/10/15,"2,750.80","2,763.80","2,776.00","2,749.00"
2018/10/12,"2,767.10","2,770.50","2,775.80","2,729.40"
2018/10/11,"2,728.40","2,776.90","2,795.10","2,710.50"
2018/10/10,"2,785.70","2,873.90","2,874.00","2,784.90"
2018/10/9,"2,880.30","2,882.50","2,894.80","2,874.30"
2018/10/8,"2,884.40","2,877.50","2,889.40","2,862.10"
2018/10/5,"2,885.60","2,902.50","2,909.60","2,869.30"
2018/10/4,"2,901.60","2,919.30","2,919.80","2,883.90"
2018/10/3,"2,925.50","2,931.70","2,939.90","2,921.40"
2018/10/2,"2,923.40","2,923.80","2,931.40","2,919.40"
2018/10/1,"2,924.60","2,926.30","2,937.10","2,917.90"
2018/9/28,"2,914.00","2,910.00","2,920.50","2,907.50"
2018/9/27,"2,914.00","2,911.70","2,927.20","2,909.30"
2018/9/26,"2,906.00","2,917.00","2,931.20","2,903.30"
2018/9/25,"2,915.60","2,921.80","2,923.90","2,913.70"
2018/9/24,"2,919.40","2,921.80","2,923.80","2,912.60"
2018/9/21,"2,929.70","2,936.80","2,940.90","2,927.10"
2018/9/20,"2,930.80","2,919.70","2,934.80","2,919.70"
2018/9/19,"2,907.90","2,906.60","2,912.40","2,903.80"
2018/9/18,"2,904.30","2,890.70","2,911.20","2,890.40"
2018/9/17,"2,888.80","2,903.80","2,904.70","2,886.20"
2018/9/14,"2,905.00","2,906.40","2,908.30","2,895.80"
2018/9/13,"2,904.20","2,896.80","2,906.80","2,896.40"
2018/9/12,"2,888.90","2,888.30","2,894.70","2,879.20"
2018/9/11,"2,887.90","2,871.60","2,892.50","2,866.80"
2018/9/10,"2,877.10","2,881.40","2,886.90","2,875.90"
2018/9/7,"2,871.70","2,868.30","2,883.80","2,864.10"
2018/9/6,"2,878.10","2,888.60","2,892.10","2,867.30"
2018/9/5,"2,888.60","2,891.60","2,894.20","2,876.90"
2018/9/4,"2,896.70","2,897.00","2,900.20","2,885.10"
2018/8/31,"2,901.50","2,898.40","2,906.30","2,891.70"
2018/8/30,"2,901.10","2,908.90","2,912.50","2,895.20"
2018/8/29,"2,914.00","2,900.60","2,916.50","2,898.40"
2018/8/28,"2,897.50","2,901.40","2,903.80","2,893.50"
2018/8/27,"2,896.70","2,884.70","2,898.20","2,884.70"
2018/8/24,"2,874.70","2,862.30","2,876.20","2,862.30"
2018/8/23,"2,857.00","2,860.30","2,868.80","2,854.00"
2018/8/22,"2,861.80","2,861.00","2,867.50","2,856.10"
2018/8/21,"2,863.00","2,861.50","2,873.20","2,861.30"
2018/8/20,"2,857.10","2,853.90","2,859.80","2,850.60"
2018/8/17,"2,850.10","2,838.30","2,855.60","2,833.70"
2018/8/16,"2,840.70","2,831.40","2,850.50","2,831.40"
2018/8/15,"2,818.40","2,827.90","2,827.90","2,802.50"
2018/8/14,"2,840.00","2,827.90","2,843.10","2,826.60"
2018/8/13,"2,821.90","2,835.50","2,843.40","2,819.90"
2018/8/10,"2,833.30","2,839.60","2,842.20","2,825.80"
2018/8/9,"2,853.60","2,857.20","2,862.50","2,852.00"
2018/8/8,"2,857.70","2,856.80","2,862.40","2,853.10"
2018/8/7,"2,858.40","2,855.90","2,863.40","2,855.90"
2018/8/6,"2,850.40","2,840.30","2,853.30","2,836.00"
2018/8/3,"2,840.30","2,829.60","2,840.40","2,827.40"
2018/8/2,"2,827.20","2,800.50","2,829.90","2,796.30"
2018/8/1,"2,813.40","2,821.20","2,825.80","2,805.80"
2018/7/31,"2,816.30","2,809.70","2,824.50","2,808.10"
2018/7/30,"2,802.60","2,819.00","2,821.70","2,798.10"
2018/7/27,"2,818.80","2,842.30","2,843.20","2,808.30"
2018/7/26,"2,837.40","2,835.50","2,845.60","2,835.30"
2018/7/25,"2,846.10","2,817.70","2,848.00","2,817.70"
2018/7/24,"2,820.40","2,820.70","2,830.00","2,811.10"
2018/7/23,"2,807.00","2,799.20","2,808.60","2,795.10"
2018/7/20,"2,801.80","2,804.60","2,809.70","2,800.00"
2018/7/19,"2,804.50","2,809.40","2,812.10","2,799.80"
2018/7/18,"2,815.60","2,811.30","2,816.80","2,805.90"
2018/7/17,"2,809.60","2,789.30","2,814.20","2,789.20"
2018/7/16,"2,798.40","2,801.40","2,803.70","2,793.40"
2018/7/13,"2,801.30","2,796.90","2,804.50","2,791.70"
2018/7/12,"2,798.30","2,783.10","2,799.20","2,781.50"
2018/7/11,"2,774.00","2,779.80","2,785.90","2,770.80"
2018/7/10,"2,793.80","2,788.60","2,795.60","2,786.20"
2018/7/9,"2,784.20","2,768.50","2,784.70","2,768.50"
2018/7/6,"2,759.80","2,737.70","2,764.40","2,733.50"
2018/7/5,"2,736.60","2,724.20","2,737.80","2,716.00"
2018/7/3,"2,713.20","2,733.30","2,736.60","2,711.20"
2018/7/2,"2,726.70","2,704.90","2,727.30","2,698.90"
2018/6/29,"2,718.40","2,727.10","2,743.30","2,718.00"
2018/6/28,"2,716.30","2,698.70","2,724.30","2,692.00"
2018/6/27,"2,699.60","2,728.40","2,746.10","2,699.40"
2018/6/26,"2,723.10","2,722.10","2,732.90","2,715.60"
2018/6/25,"2,717.10","2,742.90","2,742.90","2,698.70"
2018/6/22,"2,754.90","2,760.80","2,764.20","2,752.70"
2018/6/21,"2,749.80","2,769.30","2,769.30","2,744.40"
2018/6/20,"2,767.30","2,769.70","2,774.90","2,763.90"
2018/6/19,"2,762.60","2,752.00","2,765.10","2,743.20"
2018/6/18,"2,773.80","2,765.80","2,775.00","2,757.10"
2018/6/15,"2,779.70","2,777.80","2,782.80","2,761.70"
2018/6/14,"2,782.50","2,783.20","2,789.10","2,776.50"
2018/6/13,"2,775.60","2,787.90","2,791.50","2,774.70"
2018/6/12,"2,786.80","2,785.60","2,789.80","2,778.80"
2018/6/11,"2,782.00","2,780.20","2,790.20","2,780.20"
2018/6/8,"2,779.00","2,765.80","2,779.40","2,763.60"
2018/6/7,"2,770.40","2,774.80","2,779.90","2,760.20"
2018/6/6,"2,772.30","2,753.20","2,772.40","2,748.50"
2018/6/5,"2,748.80","2,748.50","2,752.60","2,739.50"
2018/6/4,"2,746.90","2,741.70","2,749.20","2,740.50"
2018/6/1,"2,734.60","2,718.70","2,736.90","2,718.70"
2018/5/31,"2,705.30","2,721.00","2,722.50","2,700.70"
2018/5/30,"2,724.00","2,702.40","2,729.30","2,702.40"
2018/5/29,"2,689.90","2,705.10","2,710.70","2,676.80"
2018/5/25,"2,721.30","2,723.60","2,727.40","2,715.00"
2018/5/24,"2,727.80","2,730.90","2,732.00","2,707.40"
2018/5/23,"2,733.30","2,714.00","2,733.30","2,709.50"
2018/5/22,"2,724.40","2,738.30","2,742.20","2,721.90"
2018/5/21,"2,733.00","2,725.90","2,739.20","2,725.70"
2018/5/18,"2,713.00","2,717.30","2,719.50","2,709.20"
2018/5/17,"2,720.10","2,719.70","2,732.00","2,711.40"
2018/5/16,"2,722.50","2,712.60","2,727.80","2,712.20"
2018/5/15,"2,711.40","2,718.60","2,718.60","2,701.90"
2018/5/14,"2,730.10","2,733.40","2,742.10","2,725.50"
2018/5/11,"2,727.70","2,722.70","2,732.90","2,717.40"
2018/5/10,"2,723.10","2,705.00","2,726.10","2,704.50"
2018/5/9,"2,697.80","2,678.10","2,701.30","2,674.10"
2018/5/8,"2,671.90","2,670.30","2,676.30","2,655.20"
2018/5/7,"2,672.60","2,669.40","2,683.30","2,664.70"
2018/5/4,"2,663.40","2,621.40","2,670.90","2,615.30"
2018/5/3,"2,629.70","2,628.10","2,637.10","2,594.60"
2018/5/2,"2,635.70","2,654.20","2,660.90","2,631.70"
2018/5/1,"2,654.80","2,643.60","2,655.30","2,625.40"
2018/4/30,"2,648.10","2,675.10","2,682.90","2,648.00"
2018/4/27,"2,669.90","2,675.50","2,677.30","2,659.00"
2018/4/26,"2,666.90","2,651.70","2,676.50","2,647.20"
2018/4/25,"2,639.40","2,634.90","2,645.30","2,612.70"
2018/4/24,"2,634.60","2,680.80","2,683.60","2,617.30"
2018/4/23,"2,670.30","2,675.40","2,682.90","2,658.00"
2018/4/20,"2,670.10","2,692.60","2,693.90","2,660.60"
2018/4/19,"2,693.10","2,701.20","2,702.80","2,681.90"
2018/4/18,"2,708.60","2,710.10","2,717.50","2,703.60"
2018/4/17,"2,706.40","2,692.70","2,713.30","2,692.10"
2018/4/16,"2,677.80","2,670.10","2,686.50","2,665.20"
2018/4/13,"2,656.30","2,676.90","2,680.30","2,645.10"
2018/4/12,"2,664.00","2,653.80","2,674.70","2,653.80"
2018/4/11,"2,642.20","2,643.90","2,661.40","2,639.20"
2018/4/10,"2,656.90","2,638.40","2,665.40","2,635.80"
2018/4/9,"2,613.20","2,617.20","2,653.60","2,610.80"
2018/4/6,"2,604.50","2,645.80","2,656.90","2,586.30"
2018/4/5,"2,662.80","2,657.40","2,672.10","2,649.60"
2018/4/4,"2,644.70","2,584.00","2,649.90","2,573.60"
2018/4/3,"2,614.40","2,592.20","2,619.10","2,575.50"
2018/4/2,"2,581.90","2,633.40","2,638.30","2,553.80"
2018/3/29,"2,640.90","2,614.40","2,659.10","2,609.70"
2018/3/28,"2,605.00","2,611.30","2,632.70","2,593.10"
2018/3/27,"2,612.60","2,667.60","2,674.80","2,596.10"
2018/3/26,"2,658.60","2,619.30","2,661.40","2,601.80"
2018/3/23,"2,588.30","2,646.70","2,657.70","2,585.90"
2018/3/22,"2,643.70","2,691.40","2,695.70","2,641.60"
2018/3/21,"2,711.90","2,715.00","2,739.10","2,709.80"
2018/3/20,"2,716.90","2,715.10","2,724.20","2,710.10"
2018/3/19,"2,712.90","2,741.40","2,741.40","2,694.60"
2018/3/16,"2,752.00","2,750.60","2,761.80","2,750.00"
2018/3/15,"2,747.30","2,754.30","2,763.00","2,741.50"
2018/3/14,"2,749.50","2,774.10","2,777.10","2,744.40"
2018/3/13,"2,765.30","2,792.30","2,801.90","2,758.70"
2018/3/12,"2,783.00","2,790.50","2,797.00","2,779.30"
2018/3/9,"2,786.60","2,752.90","2,786.60","2,751.50"
2018/3/8,"2,739.00","2,732.80","2,740.40","2,722.70"
2018/3/7,"2,726.80","2,710.20","2,730.60","2,701.70"
2018/3/6,"2,728.10","2,730.20","2,732.10","2,711.30"
2018/3/5,"2,720.90","2,681.10","2,728.10","2,675.80"
2018/3/2,"2,691.20","2,658.90","2,696.20","2,647.30"
2018/3/1,"2,677.70","2,715.20","2,730.90","2,659.70"
2018/2/28,"2,713.80","2,753.80","2,761.50","2,713.50"
2018/2/27,"2,744.30","2,780.40","2,789.20","2,744.20"
2018/2/26,"2,779.60","2,757.40","2,780.60","2,753.80"
2018/2/23,"2,747.30","2,715.80","2,747.80","2,713.70"
2018/2/22,"2,704.00","2,710.40","2,731.30","2,697.80"
2018/2/21,"2,701.30","2,720.50","2,747.80","2,701.30"
2018/2/20,"2,716.30","2,723.00","2,737.60","2,706.80"
2018/2/16,"2,732.20","2,727.10","2,754.40","2,725.10"
2018/2/15,"2,731.20","2,713.50","2,731.50","2,689.80"
2018/2/14,"2,698.60","2,651.20","2,702.10","2,648.90"
2018/2/13,"2,662.90","2,646.30","2,668.80","2,637.10"
2018/2/12,"2,656.00","2,636.80","2,672.60","2,622.40"
2018/2/9,"2,619.60","2,601.80","2,638.70","2,532.70"
2018/2/8,"2,581.00","2,685.00","2,685.30","2,580.60"
2018/2/7,"2,681.70","2,690.90","2,727.70","2,681.30"
2018/2/6,"2,695.10","2,614.80","2,701.00","2,593.10"
2018/2/5,"2,648.90","2,741.10","2,763.40","2,638.20"
2018/2/2,"2,762.10","2,808.90","2,808.90","2,760.00"
2018/2/1,"2,822.00","2,816.40","2,836.00","2,812.70"
2018/1/31,"2,823.80","2,832.40","2,839.30","2,813.00"
2018/1/30,"2,822.40","2,832.70","2,837.80","2,818.30"
2018/1/29,"2,853.50","2,867.20","2,870.60","2,851.50"
2018/1/26,"2,872.90","2,847.50","2,872.90","2,846.20"
2018/1/25,"2,839.20","2,846.20","2,848.60","2,830.90"
2018/1/24,"2,837.50","2,845.40","2,853.00","2,824.80"
2018/1/23,"2,839.10","2,835.10","2,842.20","2,830.60"
2018/1/22,"2,833.00","2,809.20","2,833.00","2,808.10"
2018/1/19,"2,810.30","2,802.60","2,810.30","2,798.10"
2018/1/18,"2,798.00","2,802.40","2,805.80","2,792.60"
2018/1/17,"2,802.60","2,785.00","2,807.00","2,778.40"
2018/1/16,"2,776.40","2,799.00","2,807.50","2,768.60"
2018/1/12,"2,786.20","2,770.20","2,787.80","2,769.60"
2018/1/11,"2,767.60","2,753.00","2,767.60","2,752.80"
2018/1/10,"2,748.20","2,745.60","2,750.80","2,736.10"
2018/1/9,"2,751.30","2,751.20","2,759.10","2,747.90"
2018/1/8,"2,747.70","2,742.70","2,748.50","2,737.60"
2018/1/5,"2,743.20","2,731.30","2,743.40","2,727.90"
2018/1/4,"2,724.00","2,719.30","2,729.30","2,719.10"
2018/1/3,"2,713.10","2,697.80","2,714.40","2,697.80"
2018/1/2,"2,695.80","2,683.70","2,695.90","2,682.40"
2017/12/29,"2,673.60","2,689.20","2,692.10","2,673.60"
2017/12/28,"2,687.50","2,686.10","2,687.70","2,682.70"
2017/12/27,"2,682.60","2,682.10","2,685.60","2,678.90"
2017/12/26,"2,680.50","2,679.10","2,682.70","2,678.00"
2017/12/22,"2,683.30","2,684.20","2,685.30","2,678.10"
2017/12/21,"2,684.60","2,683.00","2,692.60","2,682.40"
2017/12/20,"2,679.20","2,688.20","2,691.00","2,676.10"
2017/12/19,"2,681.50","2,692.70","2,694.40","2,680.70"
2017/12/18,"2,690.20","2,685.90","2,695.00","2,685.90"
2017/12/15,"2,675.80","2,660.60","2,679.60","2,659.10"
2017/12/14,"2,652.00","2,665.90","2,668.10","2,652.00"
2017/12/13,"2,662.80","2,667.60","2,671.90","2,662.80"
2017/12/12,"2,664.10","2,661.70","2,669.70","2,659.80"
2017/12/11,"2,660.00","2,652.20","2,660.30","2,651.50"
2017/12/8,"2,651.50","2,646.20","2,651.70","2,644.10"
2017/12/7,"2,637.00","2,628.40","2,641.00","2,626.50"
2017/12/6,"2,629.30","2,626.20","2,634.40","2,624.80"
2017/12/5,"2,629.60","2,639.80","2,648.70","2,627.70"
2017/12/4,"2,639.40","2,657.20","2,665.20","2,639.00"
2017/12/1,"2,642.20","2,645.10","2,650.60","2,605.50"
2017/11/30,"2,647.60","2,633.90","2,657.70","2,633.90"
2017/11/29,"2,626.10","2,627.80","2,634.90","2,620.30"
2017/11/28,"2,627.00","2,605.90","2,627.70","2,605.40"
2017/11/27,"2,601.40","2,602.70","2,606.40","2,598.90"
2017/11/24,"2,602.40","2,600.40","2,604.20","2,600.40"
2017/11/22,"2,597.10","2,600.30","2,600.90","2,595.20"
2017/11/21,"2,599.00","2,589.20","2,601.20","2,589.20"
2017/11/20,"2,582.10","2,579.50","2,584.60","2,578.20"
2017/11/17,"2,578.80","2,582.90","2,584.00","2,577.60"
2017/11/16,"2,585.60","2,572.90","2,590.10","2,572.90"
2017/11/15,"2,564.60","2,569.40","2,572.80","2,557.40"
2017/11/14,"2,578.90","2,577.80","2,579.70","2,566.60"
2017/11/13,"2,584.80","2,576.50","2,587.70","2,574.50"
2017/11/10,"2,582.30","2,580.20","2,583.80","2,575.60"
2017/11/9,"2,584.60","2,584.00","2,586.50","2,566.30"
2017/11/8,"2,594.40","2,588.70","2,595.50","2,585.00"
2017/11/7,"2,590.60","2,592.10","2,597.00","2,584.30"
2017/11/6,"2,591.10","2,587.50","2,593.40","2,585.70"
2017/11/3,"2,587.80","2,581.90","2,588.40","2,576.80"
2017/11/2,"2,579.80","2,579.50","2,581.10","2,566.20"
2017/11/1,"2,579.40","2,583.20","2,588.40","2,574.90"
2017/10/31,"2,575.30","2,576.00","2,578.30","2,572.20"
2017/10/30,"2,572.80","2,577.80","2,580.00","2,568.20"
2017/10/27,"2,581.10","2,570.30","2,583.00","2,565.90"
2017/10/26,"2,560.40","2,560.10","2,567.10","2,559.80"
2017/10/25,"2,557.20","2,566.50","2,567.40","2,544.00"
2017/10/24,"2,569.10","2,568.70","2,572.20","2,565.60"
2017/10/23,"2,565.00","2,578.10","2,578.30","2,564.30"
2017/10/20,"2,575.20","2,567.60","2,575.40","2,567.60"
2017/10/19,"2,562.10","2,553.40","2,562.40","2,547.90"
2017/10/18,"2,561.30","2,562.90","2,564.10","2,559.70"
2017/10/17,"2,559.40","2,557.20","2,559.70","2,554.70"
2017/10/16,"2,557.60","2,555.60","2,559.50","2,552.60"
2017/10/13,"2,553.20","2,555.70","2,557.70","2,552.10"
2017/10/12,"2,550.90","2,552.90","2,555.30","2,548.30"
2017/10/11,"2,555.20","2,550.60","2,555.20","2,547.90"
2017/10/10,"2,550.60","2,550.00","2,555.20","2,544.90"
2017/10/9,"2,544.70","2,551.40","2,551.80","2,541.60"
2017/10/6,"2,549.30","2,547.40","2,549.40","2,543.80"
2017/10/5,"2,552.10","2,540.90","2,552.50","2,540.00"
2017/10/4,"2,537.70","2,533.50","2,540.50","2,531.80"
2017/10/3,"2,534.60","2,530.30","2,535.10","2,528.80"
2017/10/2,"2,529.10","2,521.20","2,529.20","2,520.40"
2017/9/29,"2,519.40","2,510.00","2,519.40","2,508.00"
2017/9/28,"2,510.10","2,503.40","2,510.80","2,502.90"
2017/9/27,"2,507.00","2,503.30","2,511.80","2,495.90"
2017/9/26,"2,496.80","2,501.00","2,503.50","2,495.10"
2017/9/25,"2,496.70","2,499.40","2,502.50","2,488.00"
2017/9/22,"2,502.20","2,497.30","2,503.50","2,496.50"
2017/9/21,"2,500.60","2,507.20","2,507.20","2,499.00"
2017/9/20,"2,508.20","2,506.80","2,508.80","2,496.70"
2017/9/19,"2,506.70","2,506.30","2,507.80","2,503.20"
2017/9/18,"2,503.90","2,502.50","2,508.30","2,499.90"
2017/9/15,"2,500.20","2,495.70","2,500.20","2,493.20"
2017/9/14,"2,495.60","2,494.60","2,498.40","2,491.30"
2017/9/13,"2,498.40","2,493.90","2,498.40","2,492.10"
2017/9/12,"2,496.50","2,491.90","2,496.80","2,490.40"
2017/9/11,"2,488.10","2,474.50","2,488.90","2,474.50"
2017/9/8,"2,461.40","2,462.20","2,467.10","2,459.40"
2017/9/7,"2,465.10","2,468.10","2,468.60","2,460.30"
2017/9/6,"2,465.50","2,463.80","2,469.60","2,459.20"
2017/9/5,"2,457.80","2,470.30","2,472.00","2,446.60"
2017/9/1,"2,476.60","2,474.40","2,480.40","2,473.80"
2017/8/31,"2,471.70","2,462.70","2,475.00","2,462.70"
2017/8/30,"2,457.60","2,446.10","2,460.30","2,443.80"
2017/8/29,"2,446.30","2,431.90","2,449.20","2,428.20"
2017/8/28,"2,444.20","2,447.30","2,449.10","2,439.00"
2017/8/25,"2,443.10","2,444.70","2,454.00","2,442.20"
2017/8/24,"2,439.00","2,447.90","2,450.40","2,436.20"
2017/8/23,"2,444.00","2,444.90","2,448.90","2,441.40"
2017/8/22,"2,452.50","2,433.80","2,454.80","2,433.70"
2017/8/21,"2,428.40","2,425.50","2,430.60","2,417.30"
2017/8/18,"2,425.60","2,427.60","2,440.30","2,420.70"
2017/8/17,"2,430.00","2,462.90","2,465.00","2,430.00"
2017/8/16,"2,468.10","2,468.60","2,474.90","2,463.90"
2017/8/15,"2,464.60","2,468.70","2,468.90","2,461.60"
2017/8/14,"2,465.80","2,455.00","2,468.20","2,455.00"
2017/8/11,"2,441.30","2,441.00","2,448.10","2,437.80"
2017/8/10,"2,438.20","2,465.40","2,465.40","2,437.80"
2017/8/9,"2,474.00","2,465.30","2,474.40","2,462.10"
2017/8/8,"2,474.90","2,478.30","2,490.90","2,470.30"
2017/8/7,"2,480.90","2,477.10","2,480.90","2,475.90"
2017/8/4,"2,476.80","2,476.90","2,480.00","2,472.10"
2017/8/3,"2,472.20","2,476.00","2,476.00","2,468.80"
2017/8/2,"2,477.60","2,480.40","2,480.40","2,466.50"
2017/8/1,"2,476.30","2,477.10","2,478.50","2,471.10"
2017/7/31,"2,470.30","2,475.90","2,478.00","2,468.50"
2017/7/28,"2,472.10","2,469.10","2,473.50","2,464.70"
2017/7/27,"2,475.40","2,482.80","2,484.00","2,459.90"
2017/7/26,"2,477.80","2,480.00","2,481.70","2,474.90"
2017/7/25,"2,477.10","2,477.90","2,481.20","2,474.90"
2017/7/24,"2,469.90","2,472.00","2,473.10","2,466.30"
2017/7/21,"2,472.50","2,467.40","2,472.50","2,465.10"
2017/7/20,"2,473.40","2,475.60","2,477.60","2,468.40"
2017/7/19,"2,473.80","2,463.80","2,473.80","2,463.80"
2017/7/18,"2,460.60","2,455.90","2,460.90","2,450.30"
2017/7/17,"2,459.10","2,459.50","2,462.80","2,457.20"
2017/7/14,"2,459.30","2,449.20","2,463.50","2,446.70"
2017/7/13,"2,447.80","2,445.00","2,449.30","2,441.70"
2017/7/12,"2,443.20","2,435.80","2,445.80","2,435.80"
2017/7/11,"2,425.50","2,427.30","2,429.30","2,412.80"
2017/7/10,"2,427.40","2,424.50","2,432.00","2,422.30"
2017/7/7,"2,425.20","2,413.50","2,426.90","2,413.50"
2017/7/6,"2,409.80","2,423.40","2,424.30","2,407.70"
2017/7/5,"2,432.50","2,430.80","2,434.90","2,422.10"
2017/7/3,"2,429.00","2,431.40","2,439.20","2,428.70"
2017/6/30,"2,423.40","2,429.20","2,432.70","2,421.70"
2017/6/29,"2,419.70","2,442.40","2,442.70","2,405.70"
2017/6/28,"2,440.70","2,428.70","2,443.00","2,428.00"
2017/6/27,"2,419.40","2,436.30","2,440.20","2,419.40"
2017/6/26,"2,439.10","2,443.30","2,450.40","2,437.00"
2017/6/23,"2,438.30","2,434.70","2,441.40","2,431.10"
2017/6/22,"2,434.50","2,437.40","2,441.60","2,433.30"
2017/6/21,"2,435.60","2,439.30","2,442.20","2,430.70"
2017/6/20,"2,437.00","2,450.70","2,450.70","2,436.60"
2017/6/19,"2,453.50","2,442.60","2,453.80","2,441.80"
2017/6/16,"2,433.20","2,431.20","2,433.20","2,422.90"
2017/6/15,"2,432.50","2,424.10","2,433.90","2,418.50"
2017/6/14,"2,437.90","2,443.80","2,443.80","2,428.30"
2017/6/13,"2,440.30","2,434.20","2,441.50","2,431.30"
2017/6/12,"2,429.40","2,425.90","2,430.40","2,420.00"
2017/6/9,"2,431.80","2,436.40","2,446.20","2,415.70"
2017/6/8,"2,433.80","2,434.30","2,439.30","2,427.90"
2017/6/7,"2,433.10","2,432.00","2,435.30","2,424.80"
2017/6/6,"2,429.30","2,431.90","2,436.20","2,428.10"
2017/6/5,"2,436.10","2,437.80","2,439.60","2,434.30"
2017/6/2,"2,439.10","2,431.30","2,440.20","2,427.70"
2017/6/1,"2,430.10","2,415.70","2,430.10","2,413.50"
2017/5/31,"2,411.80","2,415.60","2,416.00","2,403.60"
2017/5/30,"2,412.90","2,411.70","2,415.30","2,409.40"
2017/5/26,"2,415.80","2,414.50","2,416.70","2,412.20"
2017/5/25,"2,415.10","2,409.50","2,418.70","2,408.00"
2017/5/24,"2,404.40","2,401.40","2,405.60","2,398.00"
2017/5/23,"2,398.40","2,397.00","2,400.80","2,393.90"
2017/5/22,"2,394.00","2,387.20","2,395.50","2,386.90"
2017/5/19,"2,381.70","2,371.40","2,389.10","2,370.40"
2017/5/18,"2,365.70","2,354.70","2,375.70","2,352.70"
2017/5/17,"2,357.00","2,382.90","2,384.90","2,356.20"
2017/5/16,"2,400.70","2,404.60","2,405.80","2,396.10"
2017/5/15,"2,402.30","2,394.00","2,404.10","2,393.90"
2017/5/12,"2,390.90","2,392.40","2,392.40","2,387.20"
2017/5/11,"2,394.40","2,394.80","2,395.70","2,381.70"
2017/5/10,"2,399.60","2,396.80","2,399.70","2,392.80"
2017/5/9,"2,396.90","2,401.60","2,403.90","2,392.40"
2017/5/8,"2,399.40","2,399.90","2,401.40","2,393.90"
2017/5/5,"2,399.30","2,392.40","2,399.30","2,389.40"
2017/5/4,"2,389.50","2,389.80","2,391.40","2,380.30"
2017/5/3,"2,388.10","2,386.50","2,389.80","2,379.80"
2017/5/2,"2,391.20","2,391.10","2,392.90","2,385.80"
2017/5/1,"2,388.30","2,388.50","2,394.50","2,384.80"
2017/4/28,"2,384.20","2,393.70","2,393.70","2,382.40"
2017/4/27,"2,388.80","2,389.70","2,392.10","2,382.70"
2017/4/26,"2,387.40","2,389.00","2,398.20","2,386.80"
2017/4/25,"2,388.60","2,381.50","2,392.50","2,381.20"
2017/4/24,"2,374.20","2,370.30","2,377.00","2,369.20"
2017/4/21,"2,348.70","2,354.70","2,356.20","2,344.50"
2017/4/20,"2,355.80","2,342.70","2,361.40","2,340.90"
2017/4/19,"2,338.20","2,346.80","2,352.60","2,335.10"
2017/4/18,"2,342.20","2,342.50","2,348.30","2,334.50"
2017/4/17,"2,349.00","2,332.60","2,349.10","2,332.50"
2017/4/13,"2,328.90","2,342.00","2,348.30","2,328.90"
2017/4/12,"2,344.90","2,352.20","2,352.70","2,341.20"
2017/4/11,"2,353.80","2,353.90","2,355.20","2,337.20"
2017/4/10,"2,357.20","2,357.20","2,366.40","2,351.50"
2017/4/7,"2,355.50","2,356.60","2,363.80","2,350.70"
2017/4/6,"2,357.50","2,353.80","2,364.20","2,348.90"
2017/4/5,"2,352.90","2,366.60","2,378.40","2,350.50"
2017/4/4,"2,360.20","2,354.80","2,360.50","2,350.70"
2017/4/3,"2,358.80","2,362.30","2,365.90","2,344.70"
2017/3/31,"2,362.70","2,364.80","2,370.30","2,362.60"
2017/3/30,"2,368.10","2,361.30","2,370.40","2,358.60"
2017/3/29,"2,361.10","2,356.50","2,363.40","2,352.90"
2017/3/28,"2,358.60","2,339.80","2,363.80","2,337.60"
2017/3/27,"2,341.60","2,329.10","2,344.90","2,322.20"
2017/3/24,"2,344.00","2,350.40","2,356.20","2,335.70"
2017/3/23,"2,346.00","2,346.00","2,358.90","2,342.10"
2017/3/22,"2,348.40","2,343.00","2,351.80","2,336.40"
2017/3/21,"2,344.00","2,379.30","2,381.90","2,341.90"
2017/3/20,"2,373.50","2,378.20","2,379.60","2,369.70"
2017/3/17,"2,378.20","2,383.70","2,385.70","2,377.60"
2017/3/16,"2,381.40","2,387.70","2,388.10","2,377.20"
2017/3/15,"2,385.30","2,370.30","2,390.00","2,368.90"
2017/3/14,"2,365.40","2,368.60","2,368.60","2,358.20"
2017/3/13,"2,373.50","2,371.60","2,374.40","2,368.50"
2017/3/10,"2,372.60","2,372.50","2,376.90","2,363.00"
2017/3/9,"2,364.90","2,363.50","2,369.10","2,354.50"
2017/3/8,"2,363.00","2,369.80","2,373.10","2,361.00"
2017/3/7,"2,368.40","2,370.70","2,375.10","2,365.50"
2017/3/6,"2,375.30","2,375.20","2,378.80","2,368.00"
2017/3/3,"2,383.10","2,380.90","2,383.90","2,375.40"
2017/3/2,"2,381.90","2,394.80","2,394.80","2,380.20"
2017/3/1,"2,396.00","2,380.10","2,401.00","2,380.10"
2017/2/28,"2,363.60","2,366.10","2,367.80","2,359.00"
2017/2/27,"2,369.80","2,365.20","2,371.50","2,361.90"
2017/2/24,"2,367.30","2,355.70","2,367.30","2,352.90"
2017/2/23,"2,363.80","2,367.50","2,368.30","2,355.10"
2017/2/22,"2,362.80","2,361.10","2,365.10","2,358.30"
2017/2/21,"2,365.40","2,354.90","2,366.70","2,354.90"
2017/2/17,"2,351.20","2,343.00","2,351.20","2,339.60"
2017/2/16,"2,347.20","2,349.60","2,351.30","2,338.90"
2017/2/15,"2,349.20","2,335.60","2,351.30","2,334.80"
2017/2/14,"2,337.60","2,326.10","2,337.60","2,322.20"
2017/2/13,"2,328.20","2,321.70","2,331.60","2,321.40"
2017/2/10,"2,316.10","2,312.30","2,319.20","2,311.10"
2017/2/9,"2,307.90","2,296.70","2,311.10","2,296.60"
2017/2/8,"2,294.70","2,289.60","2,295.90","2,285.40"
2017/2/7,"2,293.10","2,295.90","2,299.40","2,290.20"
2017/2/6,"2,292.60","2,294.30","2,296.20","2,288.60"
2017/2/3,"2,297.40","2,288.50","2,298.30","2,287.90"
2017/2/2,"2,280.80","2,276.70","2,284.00","2,271.70"
2017/2/1,"2,279.60","2,285.60","2,289.10","2,272.40"
2017/1/31,"2,278.90","2,274.00","2,279.10","2,267.20"
2017/1/30,"2,280.90","2,286.00","2,286.00","2,268.00"
2017/1/27,"2,294.70","2,299.00","2,299.00","2,291.60"
2017/1/26,"2,296.70","2,298.60","2,301.00","2,294.10"
2017/1/25,"2,298.40","2,288.90","2,299.60","2,288.90"
2017/1/24,"2,280.10","2,267.90","2,284.60","2,266.70"
2017/1/23,"2,265.20","2,267.80","2,271.80","2,257.00"
2017/1/20,"2,271.30","2,270.00","2,277.00","2,265.00"
2017/1/19,"2,263.70","2,271.90","2,274.30","2,258.40"
2017/1/18,"2,271.90","2,269.10","2,272.00","2,263.30"
2017/1/17,"2,267.90","2,269.10","2,272.10","2,262.80"
2017/1/13,"2,274.60","2,272.70","2,278.70","2,271.50"
2017/1/12,"2,270.40","2,271.10","2,271.80","2,254.20"
2017/1/11,"2,275.30","2,268.60","2,275.30","2,260.80"
2017/1/10,"2,268.90","2,269.70","2,279.30","2,265.30"
2017/1/9,"2,268.90","2,273.60","2,275.50","2,268.90"
2017/1/6,"2,277.00","2,271.10","2,282.10","2,264.10"
2017/1/5,"2,269.00","2,268.20","2,271.50","2,260.40"
2017/1/4,"2,270.80","2,261.60","2,272.80","2,261.60"
2017/1/3,"2,257.80","2,251.60","2,263.90","2,245.10"
2016/12/30,"2,238.80","2,251.60","2,253.60","2,233.60"
2016/12/29,"2,249.30","2,249.50","2,254.50","2,244.60"
2016/12/28,"2,249.90","2,270.20","2,271.30","2,249.10"
2016/12/27,"2,268.90","2,266.20","2,273.80","2,266.20"
2016/12/23,"2,263.80","2,260.20","2,263.80","2,258.80"
2016/12/22,"2,261.00","2,262.90","2,263.20","2,256.10"
2016/12/21,"2,265.20","2,270.50","2,271.20","2,265.20"
2016/12/20,"2,270.80","2,266.50","2,272.60","2,266.10"
2016/12/19,"2,262.50","2,259.20","2,267.50","2,258.20"
2016/12/16,"2,258.10","2,266.80","2,268.10","2,254.20"
2016/12/15,"2,262.00","2,253.80","2,272.10","2,253.80"
2016/12/14,"2,253.30","2,268.30","2,276.20","2,248.40"
2016/12/13,"2,271.70","2,263.30","2,277.50","2,263.30"
2016/12/12,"2,257.00","2,258.80","2,264.00","2,252.40"
2016/12/9,"2,259.50","2,249.70","2,259.80","2,249.20"
2016/12/8,"2,246.20","2,241.10","2,251.70","2,237.60"
2016/12/7,"2,241.30","2,210.70","2,241.60","2,208.90"
2016/12/6,"2,212.20","2,207.30","2,212.80","2,202.20"
2016/12/5,"2,204.70","2,200.70","2,209.40","2,200.00"
2016/12/2,"2,191.90","2,191.10","2,197.90","2,188.40"
2016/12/1,"2,191.10","2,200.20","2,202.60","2,187.40"
2016/11/30,"2,198.80","2,205.00","2,214.10","2,198.80"
2016/11/29,"2,204.70","2,200.80","2,210.50","2,198.20"
2016/11/28,"2,201.70","2,210.20","2,211.10","2,200.40"
2016/11/25,"2,213.30","2,206.30","2,213.30","2,206.30"
2016/11/23,"2,204.70","2,198.60","2,204.70","2,194.50"
2016/11/22,"2,202.90","2,201.60","2,204.80","2,194.50"
2016/11/21,"2,198.20","2,186.40","2,198.70","2,186.40"
2016/11/18,"2,181.90","2,186.80","2,189.90","2,180.40"
2016/11/17,"2,187.10","2,178.60","2,188.10","2,176.70"
2016/11/16,"2,176.90","2,177.50","2,179.20","2,172.20"
2016/11/15,"2,180.40","2,168.30","2,180.80","2,166.40"
2016/11/14,"2,164.20","2,165.60","2,171.40","2,156.10"
2016/11/11,"2,164.40","2,162.70","2,165.90","2,152.50"
2016/11/10,"2,167.50","2,167.50","2,182.30","2,151.20"
2016/11/9,"2,163.30","2,131.60","2,170.10","2,125.30"
2016/11/8,"2,139.60","2,129.90","2,146.90","2,123.60"
2016/11/7,"2,131.50","2,100.60","2,132.00","2,100.60"
2016/11/4,"2,085.20","2,083.80","2,099.10","2,083.80"
2016/11/3,"2,088.70","2,098.80","2,102.60","2,085.20"
2016/11/2,"2,097.90","2,109.40","2,111.80","2,094.00"
2016/11/1,"2,111.70","2,128.70","2,131.40","2,097.80"
2016/10/31,"2,126.20","2,129.80","2,133.20","2,125.50"
2016/10/28,"2,126.40","2,132.20","2,140.70","2,119.40"
2016/10/27,"2,133.00","2,144.10","2,147.10","2,132.50"
2016/10/26,"2,139.40","2,137.00","2,145.70","2,131.60"
2016/10/25,"2,143.20","2,149.70","2,151.40","2,141.90"
2016/10/24,"2,151.30","2,148.50","2,154.80","2,146.90"
2016/10/21,"2,141.20","2,139.40","2,142.60","2,130.10"
2016/10/20,"2,141.30","2,142.50","2,147.20","2,133.40"
2016/10/19,"2,144.30","2,140.80","2,148.40","2,138.20"
2016/10/18,"2,139.60","2,138.30","2,144.40","2,135.50"
2016/10/17,"2,126.50","2,132.90","2,135.60","2,124.40"
2016/10/14,"2,133.00","2,139.70","2,149.20","2,133.00"
2016/10/13,"2,132.60","2,130.30","2,138.20","2,114.70"
2016/10/12,"2,139.20","2,137.70","2,145.40","2,132.80"
2016/10/11,"2,136.70","2,161.30","2,161.60","2,128.80"
2016/10/10,"2,163.70","2,160.40","2,169.60","2,160.40"
2016/10/7,"2,153.70","2,164.20","2,165.90","2,144.80"
2016/10/6,"2,160.80","2,158.20","2,162.90","2,150.30"
2016/10/5,"2,159.70","2,155.20","2,163.90","2,155.20"
2016/10/4,"2,150.50","2,163.40","2,165.50","2,144.00"
2016/10/3,"2,161.20","2,164.30","2,164.40","2,154.80"
2016/9/30,"2,168.30","2,156.50","2,175.30","2,156.50"
2016/9/29,"2,151.10","2,168.90","2,172.70","2,145.20"
2016/9/28,"2,171.40","2,161.80","2,172.40","2,151.80"
2016/9/27,"2,159.90","2,146.00","2,161.10","2,141.60"
2016/9/26,"2,146.10","2,158.50","2,158.50","2,145.00"
2016/9/23,"2,164.70","2,173.30","2,173.80","2,164.00"
2016/9/22,"2,177.20","2,170.90","2,180.00","2,170.90"
2016/9/21,"2,163.10","2,144.60","2,165.10","2,139.60"
2016/9/20,"2,139.80","2,145.90","2,150.80","2,139.20"
2016/9/19,"2,139.10","2,144.00","2,153.60","2,135.90"
2016/9/16,"2,139.20","2,146.50","2,146.50","2,131.20"
2016/9/15,"2,147.30","2,125.40","2,151.30","2,122.40"
2016/9/14,"2,125.80","2,127.90","2,141.30","2,119.90"
2016/9/13,"2,127.00","2,150.50","2,150.50","2,120.30"
2016/9/12,"2,159.00","2,120.90","2,163.30","2,119.10"
2016/9/9,"2,127.80","2,169.10","2,169.10","2,127.80"
2016/9/8,"2,181.30","2,182.80","2,184.90","2,177.50"
2016/9/7,"2,186.20","2,185.20","2,187.90","2,179.10"
2016/9/6,"2,186.50","2,181.60","2,186.60","2,175.10"
2016/9/2,"2,180.00","2,177.50","2,184.90","2,173.60"
2016/9/1,"2,170.90","2,171.30","2,173.60","2,157.10"
2016/8/31,"2,170.90","2,173.60","2,173.80","2,161.30"
2016/8/30,"2,176.10","2,179.40","2,182.30","2,170.40"
2016/8/29,"2,180.40","2,170.20","2,183.50","2,170.20"
2016/8/26,"2,169.00","2,175.10","2,187.90","2,160.40"
2016/8/25,"2,172.50","2,173.30","2,179.00","2,169.70"
2016/8/24,"2,175.40","2,185.10","2,186.70","2,171.20"
2016/8/23,"2,186.90","2,187.80","2,193.40","2,186.80"
2016/8/22,"2,182.60","2,181.60","2,185.20","2,176.00"
2016/8/19,"2,183.90","2,184.20","2,185.00","2,175.10"
2016/8/18,"2,187.00","2,181.90","2,187.00","2,180.50"
2016/8/17,"2,182.20","2,177.80","2,183.10","2,168.50"
2016/8/16,"2,178.20","2,186.20","2,186.20","2,178.10"
2016/8/15,"2,190.20","2,186.10","2,193.80","2,186.10"
2016/8/12,"2,184.10","2,183.70","2,186.30","2,179.40"
2016/8/11,"2,185.80","2,178.00","2,188.40","2,178.00"
2016/8/10,"2,175.50","2,182.80","2,183.40","2,172.00"
2016/8/9,"2,181.70","2,182.20","2,187.70","2,178.60"
2016/8/8,"2,180.90","2,183.80","2,185.40","2,177.80"
2016/8/5,"2,182.90","2,168.80","2,182.90","2,168.80"
2016/8/4,"2,164.20","2,163.50","2,168.20","2,159.10"
2016/8/3,"2,163.80","2,156.80","2,163.80","2,152.60"
2016/8/2,"2,157.00","2,169.90","2,170.20","2,147.60"
2016/8/1,"2,170.80","2,173.20","2,178.30","2,166.20"
2016/7/29,"2,173.60","2,168.80","2,177.10","2,163.50"
2016/7/28,"2,170.10","2,166.10","2,172.80","2,159.70"
2016/7/27,"2,166.60","2,169.80","2,175.00","2,159.10"
2016/7/26,"2,169.20","2,169.00","2,173.50","2,160.20"
2016/7/25,"2,168.50","2,173.70","2,173.70","2,161.90"
2016/7/22,"2,175.00","2,166.50","2,175.10","2,163.20"
2016/7/21,"2,165.20","2,172.90","2,174.60","2,159.80"
2016/7/20,"2,173.00","2,166.10","2,175.60","2,164.90"
2016/7/19,"2,163.80","2,163.80","2,164.60","2,159.00"
2016/7/18,"2,166.90","2,162.00","2,168.30","2,159.60"
2016/7/15,"2,161.70","2,165.10","2,169.10","2,155.80"
2016/7/14,"2,163.80","2,157.90","2,169.00","2,157.90"
2016/7/13,"2,152.40","2,153.80","2,156.40","2,146.20"
2016/7/12,"2,152.10","2,139.50","2,155.40","2,139.50"
2016/7/11,"2,137.20","2,131.70","2,143.20","2,131.70"
2016/7/8,"2,129.90","2,107.00","2,131.70","2,107.00"
2016/7/7,"2,097.90","2,100.40","2,109.10","2,089.40"
2016/7/6,"2,099.70","2,084.40","2,100.70","2,074.00"
2016/7/5,"2,088.60","2,095.10","2,095.10","2,080.90"
2016/7/1,"2,102.90","2,099.30","2,108.70","2,097.90"
2016/6/30,"2,098.90","2,073.20","2,098.90","2,070.00"
2016/6/29,"2,070.80","2,042.70","2,073.10","2,042.70"
2016/6/28,"2,036.10","2,006.70","2,036.10","2,006.70"
2016/6/27,"2,000.50","2,031.50","2,031.50","1,991.70"
2016/6/24,"2,037.40","2,103.80","2,103.80","2,032.60"
2016/6/23,"2,113.30","2,092.80","2,113.30","2,092.80"
2016/6/22,"2,085.40","2,089.80","2,099.70","2,084.40"
2016/6/21,"2,088.90","2,085.20","2,093.70","2,083.00"
2016/6/20,"2,083.20","2,075.60","2,100.70","2,075.60"
2016/6/17,"2,071.20","2,078.20","2,078.20","2,062.80"
2016/6/16,"2,078.00","2,066.40","2,079.60","2,050.40"
2016/6/15,"2,071.50","2,077.60","2,085.70","2,069.80"
2016/6/14,"2,075.30","2,076.70","2,081.30","2,064.10"
2016/6/13,"2,079.10","2,091.80","2,098.10","2,078.50"
2016/6/10,"2,096.10","2,109.60","2,109.60","2,090.00"
2016/6/9,"2,115.50","2,115.70","2,117.60","2,107.70"
2016/6/8,"2,119.10","2,112.70","2,120.60","2,112.70"
2016/6/7,"2,112.10","2,110.20","2,119.20","2,110.20"
2016/6/6,"2,109.40","2,100.80","2,113.40","2,100.80"
2016/6/3,"2,099.10","2,104.10","2,104.10","2,085.40"
2016/6/2,"2,105.30","2,097.70","2,105.30","2,088.60"
2016/6/1,"2,099.30","2,093.90","2,101.00","2,085.10"
2016/5/31,"2,097.00","2,100.10","2,103.50","2,088.70"
2016/5/27,"2,099.10","2,090.10","2,099.10","2,090.10"
2016/5/26,"2,090.10","2,091.40","2,094.30","2,087.10"
2016/5/25,"2,090.50","2,078.90","2,094.70","2,078.90"
2016/5/24,"2,076.10","2,052.70","2,079.70","2,052.70"
2016/5/23,"2,048.00","2,052.20","2,055.60","2,047.30"
2016/5/20,"2,052.30","2,041.90","2,058.30","2,041.90"
2016/5/19,"2,040.00","2,044.20","2,044.20","2,025.90"
2016/5/18,"2,047.60","2,044.40","2,060.60","2,034.50"
2016/5/17,"2,047.20","2,065.00","2,065.70","2,040.80"
2016/5/16,"2,066.70","2,046.50","2,071.90","2,046.50"
2016/5/13,"2,046.60","2,062.50","2,066.80","2,043.10"
2016/5/12,"2,064.10","2,067.20","2,074.00","2,053.10"
2016/5/11,"2,064.50","2,083.30","2,083.30","2,064.50"
2016/5/10,"2,084.40","2,062.60","2,084.90","2,062.60"
2016/5/9,"2,058.70","2,057.60","2,064.20","2,054.30"
2016/5/6,"2,057.10","2,047.80","2,057.70","2,039.50"
2016/5/5,"2,050.60","2,052.90","2,060.20","2,045.80"
2016/5/4,"2,051.10","2,060.30","2,060.30","2,045.50"
2016/5/3,"2,063.40","2,077.20","2,077.20","2,054.90"
2016/5/2,"2,081.40","2,067.20","2,083.40","2,066.10"
2016/4/29,"2,065.30","2,071.80","2,073.80","2,052.30"
2016/4/28,"2,075.80","2,090.90","2,099.30","2,071.60"
2016/4/27,"2,095.20","2,092.30","2,099.90","2,082.30"
2016/4/26,"2,091.70","2,089.80","2,096.90","2,085.80"
2016/4/25,"2,087.80","2,089.40","2,089.40","2,077.50"
2016/4/22,"2,091.60","2,091.50","2,094.30","2,081.20"
2016/4/21,"2,091.50","2,102.10","2,103.80","2,088.50"
2016/4/20,"2,102.40","2,101.50","2,111.10","2,096.30"
2016/4/19,"2,100.80","2,096.10","2,104.10","2,091.70"
2016/4/18,"2,094.30","2,078.80","2,094.70","2,073.70"
2016/4/15,"2,080.70","2,083.10","2,083.20","2,076.30"
2016/4/14,"2,082.80","2,082.90","2,087.80","2,078.10"
2016/4/13,"2,082.40","2,065.90","2,083.20","2,065.90"
2016/4/12,"2,061.70","2,043.70","2,065.10","2,039.70"
2016/4/11,"2,042.00","2,050.20","2,062.90","2,041.90"
2016/4/8,"2,047.60","2,045.50","2,060.60","2,041.70"
2016/4/7,"2,041.90","2,063.00","2,063.00","2,033.80"
2016/4/6,"2,066.70","2,045.60","2,067.30","2,043.10"
2016/4/5,"2,045.20","2,062.50","2,062.50","2,042.60"
2016/4/4,"2,066.10","2,073.20","2,074.00","2,062.60"
2016/4/1,"2,072.80","2,056.60","2,075.10","2,044.00"
2016/3/31,"2,059.70","2,063.80","2,067.90","2,057.50"
2016/3/30,"2,063.90","2,058.30","2,072.20","2,058.30"
2016/3/29,"2,055.00","2,035.80","2,055.90","2,028.30"
2016/3/28,"2,037.00","2,037.90","2,042.70","2,032.00"
2016/3/24,"2,035.90","2,032.50","2,036.00","2,022.50"
2016/3/23,"2,036.70","2,048.60","2,048.60","2,034.90"
2016/3/22,"2,049.80","2,048.60","2,056.60","2,040.60"
2016/3/21,"2,051.60","2,047.90","2,053.90","2,043.10"
2016/3/18,"2,049.60","2,041.20","2,052.40","2,041.20"
2016/3/17,"2,040.60","2,026.90","2,046.20","2,022.20"
2016/3/16,"2,027.20","2,014.20","2,032.00","2,010.00"
2016/3/15,"2,015.90","2,015.30","2,015.90","2,005.20"
2016/3/14,"2,019.60","2,019.30","2,024.60","2,012.00"
2016/3/11,"2,022.20","1,994.70","2,022.40","1,994.70"
2016/3/10,"1,989.60","1,991.00","2,005.10","1,969.20"
2016/3/9,"1,989.30","1,981.40","1,992.70","1,979.80"
2016/3/8,"1,979.30","1,996.90","1,996.90","1,977.40"
2016/3/7,"2,001.80","1,996.10","2,006.10","1,989.40"
2016/3/4,"2,000.00","1,994.00","2,009.10","1,986.80"
2016/3/3,"1,993.40","1,985.60","1,993.70","1,977.40"
2016/3/2,"1,986.50","1,976.60","1,986.50","1,968.80"
2016/3/1,"1,978.30","1,937.10","1,978.30","1,937.10"
2016/2/29,"1,932.20","1,947.10","1,958.30","1,931.80"
2016/2/26,"1,948.00","1,955.00","1,963.00","1,945.80"
2016/2/25,"1,951.70","1,931.90","1,951.80","1,925.40"
2016/2/24,"1,929.80","1,917.60","1,932.10","1,891.00"
2016/2/23,"1,921.30","1,942.40","1,942.40","1,919.40"
2016/2/22,"1,945.50","1,924.40","1,946.70","1,924.40"
2016/2/19,"1,917.80","1,916.70","1,918.80","1,902.20"
2016/2/18,"1,917.80","1,927.60","1,930.00","1,915.10"
2016/2/17,"1,926.80","1,898.80","1,930.70","1,898.80"
2016/2/16,"1,895.60","1,871.40","1,895.80","1,871.40"
2016/2/12,"1,864.80","1,833.40","1,864.80","1,833.40"
2016/2/11,"1,829.10","1,847.00","1,847.00","1,810.10"
2016/2/10,"1,851.90","1,857.10","1,881.60","1,850.30"
2016/2/9,"1,852.20","1,848.50","1,868.20","1,834.90"
2016/2/8,"1,853.40","1,873.20","1,873.20","1,828.50"
2016/2/5,"1,880.00","1,913.10","1,913.10","1,872.70"
2016/2/4,"1,915.50","1,911.70","1,927.30","1,900.50"
2016/2/3,"1,912.50","1,907.10","1,918.00","1,872.20"
2016/2/2,"1,903.00","1,935.30","1,935.30","1,897.30"
2016/2/1,"1,939.40","1,936.90","1,947.20","1,920.30"
2016/1/29,"1,940.20","1,894.00","1,940.20","1,894.00"
2016/1/28,"1,893.40","1,885.20","1,903.00","1,873.70"
2016/1/27,"1,883.00","1,902.50","1,917.00","1,872.70"
2016/1/26,"1,903.60","1,878.80","1,906.70","1,878.80"
2016/1/25,"1,877.10","1,906.30","1,906.30","1,876.00"
2016/1/22,"1,906.90","1,877.40","1,908.80","1,877.40"
2016/1/21,"1,869.00","1,861.50","1,889.80","1,849.00"
2016/1/20,"1,859.30","1,876.20","1,876.20","1,812.30"
2016/1/19,"1,881.30","1,888.70","1,901.40","1,864.60"
2016/1/15,"1,880.30","1,916.70","1,916.70","1,857.80"
2016/1/14,"1,921.80","1,891.70","1,934.50","1,878.90"
2016/1/13,"1,890.30","1,940.30","1,950.30","1,886.40"
2016/1/12,"1,938.70","1,927.80","1,947.40","1,914.30"
2016/1/11,"1,923.70","1,926.10","1,935.70","1,901.10"
2016/1/8,"1,922.00","1,946.00","1,960.40","1,918.50"
2016/1/7,"1,943.10","1,985.30","1,985.30","1,938.80"
2016/1/6,"1,990.30","2,011.70","2,011.70","1,979.00"
2016/1/5,"2,016.70","2,013.80","2,021.90","2,004.20"
2016/1/4,"2,012.70","2,038.20","2,038.20","1,989.70"
2015/12/31,"2,043.90","2,060.60","2,062.50","2,043.60"
2015/12/30,"2,063.40","2,077.30","2,077.30","2,062.00"
2015/12/29,"2,078.40","2,060.50","2,081.60","2,060.50"
2015/12/28,"2,056.50","2,057.80","2,057.80","2,044.20"
2015/12/24,"2,061.00","2,063.50","2,067.40","2,058.70"
2015/12/23,"2,064.30","2,042.20","2,064.70","2,042.20"
2015/12/22,"2,039.00","2,023.20","2,042.70","2,020.50"
2015/12/21,"2,021.20","2,010.30","2,022.90","2,005.90"
2015/12/18,"2,005.50","2,040.80","2,040.80","2,005.30"
2015/12/17,"2,041.90","2,073.80","2,076.40","2,041.70"
2015/12/16,"2,073.10","2,046.50","2,076.70","2,042.40"
2015/12/15,"2,043.40","2,025.50","2,053.90","2,025.50"
2015/12/14,"2,021.90","2,013.40","2,022.90","1,993.30"
2015/12/11,"2,012.40","2,047.30","2,047.30","2,008.80"
2015/12/10,"2,052.20","2,047.90","2,067.70","2,045.70"
2015/12/9,"2,047.60","2,061.20","2,080.30","2,036.50"
2015/12/8,"2,063.60","2,073.40","2,073.80","2,052.30"
2015/12/7,"2,077.10","2,090.40","2,090.40","2,066.80"
2015/12/4,"2,091.70","2,051.20","2,093.80","2,051.20"
2015/12/3,"2,049.60","2,080.70","2,085.00","2,042.30"
2015/12/2,"2,079.50","2,101.70","2,104.30","2,077.10"
2015/12/1,"2,102.60","2,082.90","2,103.40","2,082.90"
2015/11/30,"2,080.40","2,090.90","2,093.80","2,080.40"
2015/11/27,"2,090.10","2,088.80","2,093.30","2,084.10"
2015/11/25,"2,088.90","2,089.30","2,093.00","2,086.30"
2015/11/24,"2,089.10","2,084.40","2,094.10","2,070.30"
2015/11/23,"2,086.60","2,089.40","2,095.60","2,081.40"
2015/11/20,"2,089.20","2,082.80","2,097.10","2,082.80"
2015/11/19,"2,081.20","2,083.70","2,086.70","2,078.80"
2015/11/18,"2,083.60","2,052.00","2,085.30","2,052.00"
2015/11/17,"2,050.40","2,053.70","2,066.70","2,045.90"
2015/11/16,"2,053.20","2,022.10","2,053.20","2,019.40"
2015/11/13,"2,023.00","2,044.60","2,044.60","2,022.00"
2015/11/12,"2,046.00","2,072.30","2,072.30","2,045.70"
2015/11/11,"2,075.00","2,083.40","2,086.90","2,074.80"
2015/11/10,"2,081.70","2,077.20","2,083.70","2,069.90"
2015/11/9,"2,078.60","2,096.60","2,096.60","2,068.20"
2015/11/6,"2,099.20","2,098.60","2,101.90","2,083.70"
2015/11/5,"2,099.90","2,101.70","2,108.80","2,090.40"
2015/11/4,"2,102.30","2,110.60","2,114.60","2,097.00"
2015/11/3,"2,109.80","2,102.60","2,116.50","2,097.50"
2015/11/2,"2,104.10","2,080.80","2,106.20","2,080.80"
2015/10/30,"2,079.40","2,090.00","2,094.30","2,079.30"
2015/10/29,"2,089.40","2,088.30","2,092.50","2,082.60"
2015/10/28,"2,090.30","2,066.50","2,090.30","2,063.10"
2015/10/27,"2,065.90","2,068.80","2,070.40","2,058.80"
2015/10/26,"2,071.20","2,075.10","2,075.10","2,066.50"
2015/10/23,"2,075.20","2,058.20","2,079.70","2,058.20"
2015/10/22,"2,052.50","2,021.90","2,055.20","2,021.90"
2015/10/21,"2,018.90","2,033.50","2,038.00","2,017.20"
2015/10/20,"2,030.80","2,033.10","2,039.10","2,026.60"
2015/10/19,"2,033.70","2,031.70","2,034.50","2,022.30"
2015/10/16,"2,033.10","2,024.40","2,033.50","2,020.50"
2015/10/15,"2,023.90","1,996.50","2,024.20","1,996.50"
2015/10/14,"1,994.20","2,003.70","2,009.60","1,990.70"
2015/10/13,"2,003.70","2,015.00","2,022.30","2,001.80"
2015/10/12,"2,017.50","2,015.70","2,018.70","2,010.50"
2015/10/9,"2,014.90","2,013.70","2,020.10","2,007.60"
2015/10/8,"2,013.40","1,994.00","2,016.50","1,987.50"
2015/10/7,"1,995.80","1,982.30","1,999.30","1,976.40"
2015/10/6,"1,979.90","1,986.60","1,991.60","1,972.00"
2015/10/5,"1,987.00","1,954.30","1,989.20","1,954.30"
2015/10/2,"1,951.40","1,921.80","1,951.40","1,893.70"
2015/10/1,"1,923.80","1,919.70","1,927.20","1,900.70"
2015/9/30,"1,920.00","1,887.10","1,920.50","1,887.10"
2015/9/29,"1,884.10","1,881.90","1,899.50","1,871.90"
2015/9/28,"1,881.80","1,929.20","1,929.20","1,879.20"
2015/9/25,"1,931.30","1,935.90","1,952.90","1,921.50"
2015/9/24,"1,932.20","1,934.80","1,937.20","1,908.90"
2015/9/23,"1,938.80","1,943.20","1,949.50","1,932.60"
2015/9/22,"1,942.70","1,961.40","1,961.40","1,929.20"
2015/9/21,"1,967.00","1,960.80","1,979.60","1,955.80"
2015/9/18,"1,958.00","1,989.70","1,989.70","1,953.50"
2015/9/17,"1,990.20","1,995.30","2,020.90","1,986.70"
2015/9/16,"1,995.30","1,978.00","1,997.30","1,977.90"
2015/9/15,"1,978.10","1,955.10","1,983.20","1,954.30"
2015/9/14,"1,953.00","1,963.10","1,963.10","1,948.30"
2015/9/11,"1,961.00","1,951.50","1,961.00","1,939.20"
2015/9/10,"1,952.30","1,941.60","1,965.30","1,937.20"
2015/9/9,"1,942.00","1,971.50","1,988.60","1,937.90"
2015/9/8,"1,969.40","1,927.30","1,970.40","1,927.30"
2015/9/4,"1,921.20","1,947.80","1,947.80","1,911.20"
2015/9/3,"1,951.10","1,950.80","1,975.00","1,944.70"
2015/9/2,"1,948.90","1,916.50","1,948.90","1,916.50"
2015/9/1,"1,913.80","1,970.10","1,970.10","1,903.10"
2015/8/31,"1,972.20","1,986.70","1,986.70","1,966.00"
2015/8/28,"1,988.90","1,986.10","1,993.50","1,975.20"
2015/8/27,"1,987.70","1,942.80","1,989.60","1,942.80"
2015/8/26,"1,940.50","1,872.80","1,943.10","1,872.80"
2015/8/25,"1,867.60","1,898.10","1,948.00","1,867.10"
2015/8/24,"1,893.20","1,965.20","1,965.20","1,867.00"
2015/8/21,"1,970.90","2,034.10","2,034.10","1,970.90"
2015/8/20,"2,035.70","2,076.60","2,076.60","2,035.70"
2015/8/19,"2,079.60","2,095.70","2,096.20","2,070.50"
2015/8/18,"2,096.90","2,102.00","2,103.50","2,094.10"
2015/8/17,"2,102.40","2,089.70","2,102.90","2,079.30"
2015/8/14,"2,091.50","2,083.20","2,092.40","2,080.60"
2015/8/13,"2,083.40","2,086.20","2,092.90","2,078.30"
2015/8/12,"2,086.10","2,081.10","2,089.10","2,052.10"
2015/8/11,"2,084.10","2,102.70","2,102.70","2,076.50"
2015/8/10,"2,104.20","2,081.00","2,105.30","2,081.00"
2015/8/7,"2,077.60","2,082.60","2,082.60","2,067.90"
2015/8/6,"2,083.60","2,100.80","2,103.30","2,075.50"
2015/8/5,"2,099.80","2,095.30","2,112.70","2,095.30"
2015/8/4,"2,093.30","2,097.70","2,102.50","2,088.60"
2015/8/3,"2,098.00","2,104.50","2,105.70","2,087.30"
2015/7/31,"2,103.80","2,111.60","2,114.20","2,102.10"
2015/7/30,"2,108.60","2,106.80","2,110.50","2,095.00"
2015/7/29,"2,108.60","2,094.70","2,110.60","2,094.10"
2015/7/28,"2,093.20","2,070.80","2,095.60","2,069.10"
2015/7/27,"2,067.60","2,078.20","2,078.20","2,063.50"
2015/7/24,"2,079.70","2,102.20","2,106.00","2,077.10"
2015/7/23,"2,102.20","2,114.20","2,116.90","2,098.60"
2015/7/22,"2,114.20","2,118.20","2,118.50","2,110.00"
2015/7/21,"2,119.20","2,127.60","2,128.50","2,115.40"
2015/7/20,"2,128.30","2,126.80","2,132.80","2,123.70"
2015/7/17,"2,126.60","2,126.80","2,128.90","2,119.90"
2015/7/16,"2,124.30","2,110.60","2,124.40","2,110.60"
2015/7/15,"2,107.40","2,109.00","2,114.10","2,102.50"
2015/7/14,"2,108.90","2,099.70","2,112.00","2,098.20"
2015/7/13,"2,099.60","2,080.00","2,100.70","2,080.00"
2015/7/10,"2,076.60","2,052.70","2,081.30","2,052.70"
2015/7/9,"2,051.30","2,049.70","2,074.30","2,049.70"
2015/7/8,"2,046.70","2,077.70","2,077.70","2,044.70"
2015/7/7,"2,081.30","2,069.50","2,083.70","2,044.00"
2015/7/6,"2,068.80","2,073.90","2,078.60","2,058.40"
2015/7/2,"2,076.80","2,078.00","2,085.10","2,071.00"
2015/7/1,"2,077.40","2,067.00","2,082.80","2,067.00"
2015/6/30,"2,063.10","2,061.20","2,074.30","2,056.30"
2015/6/29,"2,057.60","2,098.60","2,098.60","2,056.60"
2015/6/26,"2,101.50","2,102.60","2,108.90","2,095.40"
2015/6/25,"2,102.30","2,110.00","2,116.00","2,101.80"
2015/6/24,"2,108.60","2,123.70","2,125.10","2,108.60"
2015/6/23,"2,124.20","2,123.20","2,128.00","2,119.90"
2015/6/22,"2,122.80","2,112.50","2,129.90","2,112.50"
2015/6/19,"2,110.00","2,121.10","2,121.60","2,109.40"
2015/6/18,"2,121.20","2,101.60","2,126.70","2,101.60"
2015/6/17,"2,100.40","2,097.40","2,106.80","2,088.90"
2015/6/16,"2,096.30","2,084.30","2,097.40","2,082.10"
2015/6/15,"2,084.40","2,091.30","2,091.30","2,072.50"
2015/6/12,"2,094.10","2,107.40","2,107.40","2,091.30"
2015/6/11,"2,108.90","2,106.20","2,115.00","2,106.20"
2015/6/10,"2,105.20","2,081.10","2,108.50","2,081.10"
2015/6/9,"2,080.20","2,079.10","2,085.60","2,072.10"
2015/6/8,"2,079.30","2,092.30","2,093.00","2,079.10"
2015/6/5,"2,092.80","2,095.10","2,101.00","2,085.70"
2015/6/4,"2,095.80","2,112.30","2,112.90","2,093.20"
2015/6/3,"2,114.10","2,110.60","2,121.90","2,109.60"
2015/6/2,"2,109.60","2,110.40","2,117.60","2,099.10"
2015/6/1,"2,111.70","2,108.60","2,119.20","2,102.50"
2015/5/29,"2,107.40","2,120.70","2,120.70","2,104.90"
2015/5/28,"2,120.80","2,122.30","2,122.30","2,112.90"
2015/5/27,"2,123.50","2,105.10","2,126.20","2,105.10"
2015/5/26,"2,104.20","2,125.30","2,125.30","2,099.20"
2015/5/22,"2,126.10","2,130.40","2,132.20","2,126.10"
2015/5/21,"2,130.80","2,125.60","2,134.30","2,122.90"
2015/5/20,"2,125.80","2,127.80","2,134.70","2,122.60"
2015/5/19,"2,127.80","2,129.40","2,133.00","2,124.50"
2015/5/18,"2,129.20","2,121.30","2,131.80","2,120.00"
2015/5/15,"2,122.70","2,122.10","2,123.90","2,116.80"
2015/5/14,"2,121.10","2,100.40","2,121.40","2,100.40"
2015/5/13,"2,098.50","2,099.60","2,110.20","2,096.00"
2015/5/12,"2,099.10","2,102.90","2,105.10","2,085.60"
2015/5/11,"2,105.30","2,115.60","2,117.70","2,104.60"
2015/5/8,"2,116.10","2,092.10","2,117.70","2,092.10"
2015/5/7,"2,088.00","2,080.00","2,092.90","2,075.00"
2015/5/6,"2,080.20","2,091.30","2,098.40","2,067.90"
2015/5/5,"2,089.50","2,112.60","2,115.20","2,088.50"
2015/5/4,"2,114.50","2,110.20","2,120.90","2,110.20"
2015/5/1,"2,108.30","2,087.40","2,108.40","2,087.40"
2015/4/30,"2,085.50","2,105.50","2,105.50","2,077.60"
2015/4/29,"2,106.80","2,112.50","2,113.70","2,097.40"
2015/4/28,"2,114.80","2,108.30","2,116.10","2,094.90"
2015/4/27,"2,108.90","2,119.30","2,125.90","2,107.00"
2015/4/24,"2,117.70","2,112.80","2,120.90","2,112.80"
2015/4/23,"2,112.90","2,107.20","2,120.50","2,103.20"
2015/4/22,"2,108.00","2,098.30","2,110.00","2,091.10"
2015/4/21,"2,097.30","2,102.80","2,109.60","2,094.40"
2015/4/20,"2,100.40","2,084.10","2,103.90","2,084.10"
2015/4/17,"2,081.20","2,102.60","2,102.60","2,072.40"
2015/4/16,"2,105.00","2,106.00","2,111.30","2,100.00"
2015/4/15,"2,106.60","2,097.80","2,111.90","2,097.80"
2015/4/14,"2,095.80","2,092.30","2,098.60","2,083.20"
2015/4/13,"2,092.40","2,102.00","2,107.70","2,092.30"
2015/4/10,"2,102.10","2,091.50","2,102.60","2,091.50"
2015/4/9,"2,091.20","2,081.30","2,093.30","2,074.30"
2015/4/8,"2,081.90","2,076.90","2,086.70","2,073.30"
2015/4/7,"2,076.30","2,080.80","2,089.80","2,076.10"
2015/4/6,"2,080.60","2,064.90","2,087.00","2,056.50"
2015/4/2,"2,067.00","2,060.00","2,072.20","2,057.30"
2015/4/1,"2,059.70","2,067.60","2,067.60","2,048.40"
2015/3/31,"2,067.90","2,084.10","2,084.10","2,067.00"
2015/3/30,"2,086.20","2,064.10","2,089.00","2,064.10"
2015/3/27,"2,061.00","2,055.80","2,062.80","2,053.00"
2015/3/26,"2,056.20","2,059.90","2,067.20","2,045.50"
2015/3/25,"2,061.10","2,093.10","2,097.40","2,061.10"
2015/3/24,"2,091.50","2,103.90","2,107.60","2,091.50"
2015/3/23,"2,104.40","2,108.00","2,114.90","2,104.40"
2015/3/20,"2,108.10","2,090.30","2,113.90","2,090.30"
2015/3/19,"2,089.30","2,098.70","2,098.70","2,085.60"
2015/3/18,"2,099.50","2,072.80","2,106.80","2,061.20"
2015/3/17,"2,074.30","2,080.60","2,080.60","2,065.10"
2015/3/16,"2,081.20","2,055.30","2,081.40","2,055.30"
2015/3/13,"2,053.40","2,064.60","2,064.60","2,041.20"
2015/3/12,"2,065.90","2,041.10","2,066.40","2,041.10"
2015/3/11,"2,040.20","2,044.70","2,050.10","2,039.70"
2015/3/10,"2,044.20","2,076.10","2,076.10","2,044.20"
2015/3/9,"2,079.40","2,072.20","2,083.50","2,072.20"
2015/3/6,"2,071.30","2,100.90","2,100.90","2,067.30"
2015/3/5,"2,101.00","2,098.50","2,104.20","2,095.20"
2015/3/4,"2,098.50","2,107.70","2,107.70","2,087.60"
2015/3/3,"2,107.80","2,115.80","2,115.80","2,098.30"
2015/3/2,"2,117.40","2,105.20","2,117.50","2,104.50"
2015/2/27,"2,104.50","2,110.90","2,112.70","2,103.80"
2015/2/26,"2,110.70","2,113.90","2,113.90","2,103.80"
2015/2/25,"2,113.90","2,115.30","2,119.60","2,109.90"
2015/2/24,"2,115.50","2,109.10","2,117.90","2,105.90"
2015/2/23,"2,109.70","2,109.80","2,110.10","2,103.00"
2015/2/20,"2,110.30","2,097.70","2,110.60","2,085.40"
2015/2/19,"2,097.40","2,099.20","2,102.10","2,090.80"
2015/2/18,"2,099.70","2,099.20","2,100.20","2,092.20"
2015/2/17,"2,100.30","2,096.50","2,101.30","2,089.80"
2015/2/13,"2,097.00","2,088.80","2,097.00","2,086.70"
2015/2/12,"2,088.50","2,070.00","2,088.50","2,070.00"
2015/2/11,"2,068.50","2,068.60","2,073.50","2,058.00"
2015/2/10,"2,068.60","2,049.40","2,070.90","2,048.60"
2015/2/9,"2,046.70","2,053.50","2,056.20","2,041.90"
2015/2/6,"2,055.50","2,062.30","2,072.40","2,050.00"
2015/2/5,"2,062.50","2,043.50","2,063.60","2,043.50"
2015/2/4,"2,041.50","2,048.90","2,054.70","2,036.70"
2015/2/3,"2,050.00","2,022.70","2,050.30","2,022.70"
2015/2/2,"2,020.80","1,996.70","2,021.70","1,980.90"
2015/1/30,"1,995.00","2,019.30","2,023.30","1,993.40"
2015/1/29,"2,021.20","2,002.50","2,024.60","1,989.20"
2015/1/28,"2,002.20","2,032.30","2,042.50","2,001.50"
2015/1/27,"2,029.50","2,047.90","2,047.90","2,019.90"
2015/1/26,"2,057.10","2,050.40","2,057.60","2,041.00"
2015/1/23,"2,051.80","2,063.00","2,063.00","2,050.50"
2015/1/22,"2,063.20","2,034.30","2,064.60","2,026.40"
2015/1/21,"2,032.10","2,020.20","2,038.30","2,012.00"
2015/1/20,"2,022.50","2,020.80","2,028.90","2,004.50"
2015/1/16,"2,019.40","1,992.20","2,020.50","1,988.10"
2015/1/15,"1,992.70","2,013.80","2,021.30","1,991.50"
2015/1/14,"2,011.30","2,018.40","2,018.40","1,988.40"
2015/1/13,"2,023.00","2,031.60","2,056.90","2,008.20"
2015/1/12,"2,028.30","2,046.10","2,049.30","2,022.60"
2015/1/9,"2,044.80","2,063.40","2,064.40","2,038.30"
2015/1/8,"2,062.10","2,030.60","2,064.10","2,030.60"
2015/1/7,"2,025.90","2,005.50","2,029.60","2,005.50"
2015/1/6,"2,002.60","2,022.20","2,030.20","1,992.40"
2015/1/5,"2,020.60","2,054.40","2,054.40","2,017.30"
2015/1/2,"2,058.20","2,058.90","2,072.40","2,046.00"
2014/12/31,"2,058.90","2,082.10","2,085.60","2,057.90"
2014/12/30,"2,080.30","2,088.50","2,088.50","2,079.50"
2014/12/29,"2,090.60","2,087.60","2,093.60","2,085.80"
2014/12/26,"2,088.80","2,084.30","2,092.70","2,084.30"
2014/12/24,"2,081.90","2,083.20","2,087.60","2,081.90"
2014/12/23,"2,082.20","2,081.50","2,086.70","2,079.80"
2014/12/22,"2,078.50","2,069.30","2,078.80","2,069.30"
2014/12/19,"2,070.70","2,061.00","2,077.80","2,061.00"
2014/12/18,"2,061.20","2,019.00","2,061.20","2,019.00"
2014/12/17,"2,012.90","1,973.80","2,016.80","1,973.80"
2014/12/16,"1,972.70","1,986.70","2,016.90","1,972.60"
2014/12/15,"1,989.60","2,005.00","2,018.70","1,982.30"
2014/12/12,"2,002.30","2,030.40","2,032.20","2,002.30"
2014/12/11,"2,035.30","2,027.90","2,055.50","2,027.90"
2014/12/10,"2,026.10","2,058.90","2,058.90","2,024.30"
2014/12/9,"2,059.80","2,056.60","2,060.60","2,034.20"
2014/12/8,"2,060.30","2,074.80","2,075.80","2,054.30"
2014/12/5,"2,075.40","2,072.80","2,079.50","2,070.80"
2014/12/4,"2,071.90","2,073.60","2,077.30","2,062.30"
2014/12/3,"2,074.30","2,067.40","2,076.30","2,066.70"
2014/12/2,"2,066.60","2,053.80","2,068.80","2,053.80"
2014/12/1,"2,053.40","2,065.80","2,065.80","2,049.60"
2014/11/28,"2,067.60","2,074.80","2,075.80","2,065.10"
2014/11/26,"2,072.80","2,067.40","2,073.30","2,066.60"
2014/11/25,"2,067.00","2,070.20","2,074.20","2,064.80"
2014/11/24,"2,069.40","2,065.10","2,070.20","2,065.10"
2014/11/21,"2,063.50","2,057.50","2,071.50","2,056.80"
2014/11/20,"2,052.80","2,045.90","2,053.80","2,040.50"
2014/11/19,"2,048.70","2,051.20","2,052.10","2,040.40"
2014/11/18,"2,051.80","2,041.50","2,056.10","2,041.50"
2014/11/17,"2,041.30","2,038.30","2,043.10","2,034.50"
2014/11/14,"2,039.80","2,039.70","2,042.20","2,035.20"
2014/11/13,"2,039.30","2,039.20","2,046.20","2,030.40"
2014/11/12,"2,038.20","2,037.80","2,040.30","2,032.00"
2014/11/11,"2,039.70","2,038.20","2,041.30","2,035.30"
2014/11/10,"2,038.30","2,032.00","2,038.70","2,030.20"
2014/11/7,"2,031.90","2,032.40","2,034.30","2,025.10"
2014/11/6,"2,031.20","2,023.30","2,031.60","2,015.90"
2014/11/5,"2,023.60","2,015.30","2,023.80","2,014.40"
2014/11/4,"2,012.10","2,015.80","2,016.00","2,001.00"
2014/11/3,"2,017.80","2,018.20","2,024.50","2,013.70"
2014/10/31,"2,018.00","2,001.20","2,018.20","2,001.20"
2014/10/30,"1,994.70","1,979.50","1,999.40","1,974.80"
2014/10/29,"1,982.30","1,983.30","1,991.40","1,969.00"
2014/10/28,"1,985.00","1,964.10","1,985.00","1,964.10"
2014/10/27,"1,961.60","1,963.00","1,964.60","1,951.40"
2014/10/24,"1,964.60","1,951.60","1,965.30","1,946.30"
2014/10/23,"1,950.80","1,931.00","1,962.00","1,931.00"
2014/10/22,"1,927.10","1,941.30","1,949.30","1,926.80"
2014/10/21,"1,941.30","1,909.40","1,942.50","1,909.40"
2014/10/20,"1,904.00","1,885.60","1,905.00","1,882.30"
2014/10/17,"1,886.80","1,864.90","1,898.20","1,864.90"
2014/10/16,"1,862.80","1,856.00","1,876.00","1,835.00"
2014/10/15,"1,862.50","1,874.20","1,874.20","1,820.70"
2014/10/14,"1,877.70","1,877.10","1,898.70","1,871.80"
2014/10/13,"1,874.70","1,905.70","1,912.10","1,874.10"
2014/10/10,"1,906.10","1,925.60","1,937.00","1,906.00"
2014/10/9,"1,928.20","1,967.70","1,967.70","1,927.60"
2014/10/8,"1,968.90","1,935.50","1,970.40","1,925.20"
2014/10/7,"1,935.10","1,962.40","1,962.40","1,934.90"
2014/10/6,"1,964.80","1,970.00","1,977.80","1,958.40"
2014/10/3,"1,967.90","1,948.10","1,971.20","1,948.10"
2014/10/2,"1,946.20","1,945.80","1,952.30","1,926.00"
2014/10/1,"1,946.20","1,971.40","1,971.40","1,941.70"
2014/9/30,"1,972.30","1,978.20","1,985.20","1,969.00"
2014/9/29,"1,977.80","1,979.00","1,981.30","1,964.00"
2014/9/26,"1,982.80","1,966.20","1,986.40","1,966.20"
2014/9/25,"1,966.00","1,997.30","1,997.30","1,966.00"
2014/9/24,"1,998.30","1,983.30","1,999.80","1,978.60"
2014/9/23,"1,982.80","1,992.80","1,995.40","1,982.80"
2014/9/22,"1,994.30","2,009.10","2,009.10","1,991.00"
2014/9/19,"2,010.40","2,012.70","2,019.30","2,006.60"
2014/9/18,"2,011.40","2,003.10","2,012.30","2,003.10"
2014/9/17,"2,001.60","1,999.30","2,010.70","1,993.30"
2014/9/16,"1,999.00","1,981.90","2,002.30","1,979.10"
2014/9/15,"1,984.10","1,986.00","1,987.20","1,978.50"
2014/9/12,"1,985.50","1,996.70","1,996.70","1,980.30"
2014/9/11,"1,997.50","1,992.80","1,997.70","1,985.90"
2014/9/10,"1,995.70","1,988.40","1,996.70","1,983.00"
2014/9/9,"1,988.40","2,000.70","2,001.00","1,984.60"
2014/9/8,"2,001.50","2,007.20","2,007.20","1,995.60"
2014/9/5,"2,007.70","1,998.00","2,007.70","1,990.10"
2014/9/4,"1,997.70","2,001.70","2,011.20","1,992.50"
2014/9/3,"2,000.70","2,003.60","2,009.30","1,998.10"
2014/9/2,"2,002.30","2,004.10","2,006.10","1,994.80"
2014/8/29,"2,003.40","1,998.50","2,003.40","1,994.70"
2014/8/28,"1,996.70","1,997.40","1,998.50","1,990.50"
2014/8/27,"2,000.10","2,000.50","2,002.10","1,996.20"
2014/8/26,"2,000.00","1,998.60","2,005.00","1,998.60"
2014/8/25,"1,997.90","1,991.70","2,002.00","1,991.70"
2014/8/22,"1,988.40","1,992.60","1,993.50","1,984.80"
2014/8/21,"1,992.40","1,986.80","1,994.80","1,986.80"
2014/8/20,"1,986.50","1,980.50","1,988.60","1,977.70"
2014/8/19,"1,981.60","1,972.70","1,982.60","1,972.70"
2014/8/18,"1,971.70","1,958.40","1,972.00","1,958.40"
2014/8/15,"1,955.10","1,958.90","1,964.00","1,941.50"
2014/8/14,"1,955.20","1,947.40","1,955.20","1,947.40"
2014/8/13,"1,946.70","1,935.60","1,948.40","1,935.60"
2014/8/12,"1,933.80","1,935.70","1,939.70","1,928.30"
2014/8/11,"1,936.90","1,933.40","1,944.90","1,933.40"
2014/8/8,"1,931.60","1,910.30","1,932.40","1,909.00"
2014/8/7,"1,909.60","1,923.00","1,928.90","1,904.80"
2014/8/6,"1,920.20","1,917.30","1,927.90","1,911.50"
2014/8/5,"1,920.20","1,936.30","1,936.30","1,913.80"
2014/8/4,"1,939.00","1,926.60","1,942.90","1,921.20"
2014/8/1,"1,925.20","1,929.80","1,937.30","1,916.40"
2014/7/31,"1,930.70","1,965.10","1,965.10","1,930.70"
2014/7/30,"1,970.10","1,973.20","1,978.90","1,962.40"
2014/7/29,"1,970.00","1,980.00","1,984.80","1,970.00"
2014/7/28,"1,978.90","1,978.20","1,981.50","1,967.30"
2014/7/25,"1,978.30","1,984.60","1,984.60","1,974.40"
2014/7/24,"1,988.00","1,988.10","1,991.40","1,985.80"
2014/7/23,"1,987.00","1,985.30","1,989.20","1,982.40"
2014/7/22,"1,983.50","1,975.70","1,986.20","1,975.70"
2014/7/21,"1,973.60","1,976.90","1,976.90","1,965.80"
2014/7/18,"1,978.20","1,961.50","1,979.90","1,960.80"
2014/7/17,"1,958.10","1,979.80","1,981.80","1,955.60"
2014/7/16,"1,981.60","1,976.30","1,983.90","1,975.70"
2014/7/15,"1,973.30","1,977.40","1,982.50","1,965.30"
2014/7/14,"1,977.10","1,969.90","1,979.80","1,969.90"
2014/7/11,"1,967.60","1,965.80","1,968.70","1,959.60"
2014/7/10,"1,964.70","1,966.70","1,969.80","1,952.90"
2014/7/9,"1,972.80","1,965.10","1,974.20","1,965.10"
2014/7/8,"1,963.70","1,976.40","1,976.40","1,959.50"
2014/7/7,"1,977.70","1,984.20","1,984.20","1,974.90"
2014/7/3,"1,985.40","1,975.90","1,985.60","1,975.90"
2014/7/2,"1,974.60","1,973.10","1,976.70","1,972.60"
2014/7/1,"1,973.30","1,962.30","1,978.60","1,962.30"
2014/6/30,"1,960.20","1,960.80","1,964.20","1,958.20"
2014/6/27,"1,961.00","1,956.60","1,961.50","1,952.20"
2014/6/26,"1,957.20","1,959.90","1,959.90","1,944.70"
2014/6/25,"1,959.50","1,949.30","1,960.80","1,947.50"
2014/6/24,"1,950.00","1,962.00","1,968.20","1,948.30"
2014/6/23,"1,962.60","1,962.90","1,963.70","1,958.90"
2014/6/20,"1,962.90","1,960.50","1,963.90","1,959.20"
2014/6/19,"1,959.50","1,957.50","1,959.90","1,952.30"
2014/6/18,"1,957.00","1,942.70","1,957.70","1,939.30"
2014/6/17,"1,942.00","1,937.20","1,943.70","1,933.50"
2014/6/16,"1,937.80","1,934.80","1,941.20","1,930.90"
2014/6/13,"1,936.20","1,930.80","1,937.30","1,927.70"
2014/6/12,"1,930.10","1,943.30","1,943.30","1,925.80"
2014/6/11,"1,943.90","1,949.40","1,949.40","1,940.10"
2014/6/10,"1,950.80","1,950.30","1,950.90","1,944.60"
2014/6/9,"1,951.30","1,949.00","1,955.50","1,947.20"
2014/6/6,"1,949.40","1,942.40","1,949.40","1,942.40"
2014/6/5,"1,940.50","1,928.50","1,941.70","1,922.90"
2014/6/4,"1,927.90","1,923.10","1,928.60","1,918.60"
2014/6/3,"1,924.20","1,923.10","1,925.10","1,918.80"
2014/6/2,"1,925.00","1,923.90","1,925.90","1,916.00"
2014/5/30,"1,923.60","1,920.30","1,924.00","1,916.60"
2014/5/29,"1,920.00","1,910.60","1,920.00","1,909.80"
2014/5/28,"1,909.80","1,911.80","1,914.50","1,907.30"
2014/5/27,"1,911.90","1,902.00","1,912.30","1,902.00"
2014/5/23,"1,900.50","1,893.30","1,901.30","1,893.30"
2014/5/22,"1,892.50","1,888.20","1,896.30","1,885.40"
2014/5/21,"1,888.00","1,873.30","1,888.80","1,873.30"
2014/5/20,"1,872.80","1,884.90","1,884.90","1,868.10"
2014/5/19,"1,885.10","1,876.70","1,886.00","1,872.40"
2014/5/16,"1,877.90","1,871.20","1,878.30","1,864.80"
2014/5/15,"1,870.80","1,888.20","1,888.20","1,862.40"
2014/5/14,"1,888.50","1,897.10","1,897.10","1,885.80"
2014/5/13,"1,897.50","1,896.80","1,902.20","1,896.10"
2014/5/12,"1,896.70","1,880.00","1,897.10","1,880.00"
2014/5/9,"1,878.50","1,875.30","1,878.60","1,867.00"
2014/5/8,"1,875.60","1,877.40","1,889.10","1,870.00"
2014/5/7,"1,878.20","1,868.50","1,878.80","1,859.80"
2014/5/6,"1,867.70","1,883.70","1,883.70","1,867.70"
2014/5/5,"1,884.70","1,879.50","1,885.50","1,866.80"
2014/5/2,"1,881.10","1,885.30","1,891.30","1,878.50"
2014/5/1,"1,883.70","1,884.40","1,888.60","1,878.00"
2014/4/30,"1,884.00","1,877.10","1,885.20","1,872.70"
2014/4/29,"1,878.30","1,870.80","1,880.60","1,870.80"
2014/4/28,"1,869.40","1,865.00","1,877.00","1,850.60"
2014/4/25,"1,863.40","1,877.70","1,877.70","1,859.70"
2014/4/24,"1,878.60","1,882.00","1,884.10","1,870.20"
2014/4/23,"1,875.40","1,879.30","1,879.80","1,873.90"
2014/4/22,"1,879.50","1,872.60","1,884.90","1,872.60"
2014/4/21,"1,871.90","1,865.80","1,871.90","1,863.20"
2014/4/17,"1,864.80","1,861.70","1,869.60","1,856.70"
2014/4/16,"1,862.30","1,846.00","1,862.30","1,846.00"
2014/4/15,"1,843.00","1,831.50","1,844.00","1,816.30"
2014/4/14,"1,830.60","1,818.20","1,834.20","1,815.80"
2014/4/11,"1,815.70","1,830.70","1,835.10","1,814.40"
2014/4/10,"1,833.10","1,872.30","1,872.50","1,830.90"
2014/4/9,"1,872.20","1,852.60","1,872.40","1,852.40"
2014/4/8,"1,852.00","1,845.50","1,855.00","1,837.50"
2014/4/7,"1,845.00","1,863.90","1,864.00","1,841.50"
2014/4/4,"1,865.10","1,890.20","1,897.30","1,863.30"
2014/4/3,"1,888.80","1,891.40","1,893.80","1,882.70"
2014/4/2,"1,890.90","1,886.60","1,893.20","1,883.80"
2014/4/1,"1,885.50","1,874.00","1,885.80","1,874.00"
2014/3/31,"1,872.30","1,859.20","1,875.20","1,859.20"
2014/3/28,"1,857.60","1,850.10","1,866.60","1,850.10"
2014/3/27,"1,849.00","1,852.10","1,855.50","1,842.10"
2014/3/26,"1,852.60","1,867.10","1,875.90","1,852.60"
2014/3/25,"1,865.60","1,859.50","1,871.90","1,856.00"
2014/3/24,"1,857.40","1,867.70","1,873.30","1,849.70"
2014/3/21,"1,866.50","1,874.50","1,884.00","1,863.50"
2014/3/20,"1,872.00","1,860.10","1,873.50","1,854.60"
2014/3/19,"1,860.80","1,872.20","1,874.10","1,850.30"
2014/3/18,"1,872.20","1,858.90","1,873.80","1,858.90"
2014/3/17,"1,858.80","1,842.80","1,862.30","1,842.80"
2014/3/14,"1,841.10","1,845.10","1,852.40","1,839.60"
2014/3/13,"1,846.30","1,869.10","1,874.40","1,841.90"
2014/3/12,"1,868.20","1,866.20","1,868.40","1,854.40"
2014/3/11,"1,867.60","1,878.30","1,882.30","1,863.90"
2014/3/10,"1,877.20","1,877.90","1,877.90","1,867.00"
2014/3/7,"1,878.00","1,878.50","1,883.60","1,870.60"
2014/3/6,"1,877.00","1,874.20","1,881.90","1,874.20"
2014/3/5,"1,873.80","1,874.00","1,876.50","1,871.10"
2014/3/4,"1,873.90","1,849.20","1,876.20","1,849.20"
2014/3/3,"1,845.70","1,857.70","1,857.70","1,834.40"
2014/2/28,"1,859.50","1,855.10","1,867.90","1,847.70"
2014/2/27,"1,854.30","1,844.90","1,854.50","1,841.10"
2014/2/26,"1,845.20","1,845.80","1,852.70","1,840.70"
2014/2/25,"1,845.10","1,847.70","1,852.90","1,840.20"
2014/2/24,"1,847.60","1,836.80","1,858.70","1,836.80"
2014/2/21,"1,836.20","1,841.10","1,846.10","1,835.60"
2014/2/20,"1,839.80","1,829.20","1,842.80","1,824.60"
2014/2/19,"1,828.80","1,838.90","1,847.50","1,827.00"
2014/2/18,"1,840.80","1,839.00","1,842.90","1,835.00"
2014/2/14,"1,838.60","1,828.50","1,841.70","1,825.60"
2014/2/13,"1,829.80","1,814.80","1,830.20","1,809.20"
2014/2/12,"1,819.30","1,820.10","1,826.50","1,816.00"
2014/2/11,"1,819.80","1,800.50","1,823.50","1,800.40"
2014/2/10,"1,799.80","1,796.20","1,799.90","1,791.80"
2014/2/7,"1,797.00","1,776.00","1,798.00","1,776.00"
2014/2/6,"1,773.40","1,753.00","1,774.10","1,753.00"
2014/2/5,"1,751.60","1,753.40","1,755.80","1,737.90"
2014/2/4,"1,755.20","1,743.80","1,758.70","1,743.80"
2014/2/3,"1,741.90","1,782.70","1,784.80","1,739.70"
2014/1/31,"1,782.60","1,790.90","1,793.90","1,772.30"
2014/1/30,"1,794.20","1,777.20","1,798.80","1,777.20"
2014/1/29,"1,774.20","1,790.20","1,790.20","1,770.50"
2014/1/28,"1,792.50","1,783.00","1,793.90","1,779.50"
2014/1/27,"1,781.60","1,791.00","1,796.00","1,772.90"
2014/1/24,"1,790.30","1,827.00","1,827.00","1,790.30"
2014/1/23,"1,828.50","1,842.30","1,842.30","1,820.10"
2014/1/22,"1,844.90","1,844.70","1,846.90","1,840.90"
2014/1/21,"1,843.80","1,841.00","1,849.30","1,832.40"
2014/1/17,"1,838.70","1,844.20","1,846.00","1,835.20"
2014/1/16,"1,845.90","1,848.00","1,848.00","1,840.30"
2014/1/15,"1,848.40","1,840.50","1,850.80","1,840.50"
2014/1/14,"1,838.90","1,821.40","1,839.30","1,821.40"
2014/1/13,"1,819.20","1,841.30","1,843.50","1,815.50"
2014/1/10,"1,842.40","1,840.10","1,843.20","1,832.40"
2014/1/9,"1,838.10","1,839.00","1,843.20","1,830.40"
2014/1/8,"1,837.50","1,837.90","1,840.00","1,831.40"
2014/1/7,"1,837.90","1,828.70","1,840.10","1,828.70"
2014/1/6,"1,826.80","1,832.30","1,837.20","1,823.70"
2014/1/3,"1,831.40","1,833.20","1,838.20","1,829.10"
2014/1/2,"1,832.00","1,845.90","1,845.90","1,827.70"
2013/12/31,"1,848.40","1,842.60","1,849.40","1,842.40"
2013/12/30,"1,841.10","1,841.50","1,842.50","1,838.80"
2013/12/27,"1,841.40","1,843.00","1,844.90","1,839.80"
2013/12/26,"1,842.00","1,835.00","1,842.80","1,835.00"
2013/12/24,"1,833.30","1,828.00","1,833.30","1,828.00"
2013/12/23,"1,828.00","1,822.90","1,829.80","1,822.90"
2013/12/20,"1,818.30","1,810.40","1,823.80","1,810.20"
2013/12/19,"1,809.60","1,809.00","1,810.90","1,801.30"
2013/12/18,"1,810.70","1,781.50","1,811.10","1,768.00"
2013/12/17,"1,781.00","1,786.50","1,786.80","1,777.00"
2013/12/16,"1,786.50","1,777.50","1,792.20","1,777.50"
2013/12/13,"1,775.30","1,778.00","1,780.90","1,772.50"
2013/12/12,"1,775.50","1,781.70","1,783.00","1,772.30"
2013/12/11,"1,782.20","1,802.80","1,803.00","1,780.10"
2013/12/10,"1,802.60","1,807.60","1,808.50","1,801.80"
2013/12/9,"1,808.40","1,806.20","1,811.50","1,806.20"
2013/12/6,"1,805.10","1,788.40","1,806.00","1,788.40"
2013/12/5,"1,785.00","1,792.80","1,792.80","1,783.40"
2013/12/4,"1,792.80","1,793.20","1,799.80","1,779.10"
2013/12/3,"1,795.20","1,800.10","1,800.10","1,787.80"
2013/12/2,"1,800.90","1,806.50","1,810.00","1,798.60"
2013/11/29,"1,805.80","1,808.70","1,813.50","1,804.00"
2013/11/27,"1,807.20","1,803.50","1,808.30","1,802.80"
2013/11/26,"1,802.80","1,802.90","1,808.40","1,800.80"
2013/11/25,"1,802.50","1,806.30","1,808.10","1,800.60"
2013/11/22,"1,804.80","1,797.20","1,804.80","1,794.70"
2013/11/21,"1,795.80","1,783.50","1,797.20","1,783.50"
2013/11/20,"1,781.40","1,789.60","1,795.70","1,777.20"
2013/11/19,"1,787.90","1,790.80","1,795.50","1,784.70"
2013/11/18,"1,791.50","1,798.80","1,802.30","1,788.00"
2013/11/15,"1,798.20","1,790.70","1,798.20","1,790.70"
2013/11/14,"1,790.60","1,782.80","1,791.50","1,780.20"
2013/11/13,"1,782.00","1,764.40","1,782.00","1,760.60"
2013/11/12,"1,767.70","1,769.50","1,771.80","1,762.30"
2013/11/11,"1,771.90","1,770.00","1,773.40","1,767.80"
2013/11/8,"1,770.60","1,748.40","1,770.80","1,747.60"
2013/11/7,"1,747.20","1,770.70","1,774.50","1,746.20"
2013/11/6,"1,770.50","1,765.00","1,773.70","1,764.40"
2013/11/5,"1,763.00","1,765.70","1,767.00","1,755.80"
2013/11/4,"1,767.90","1,763.40","1,768.80","1,761.60"
2013/11/1,"1,761.60","1,758.70","1,765.70","1,752.70"
2013/10/31,"1,756.50","1,763.20","1,768.50","1,755.70"
2013/10/30,"1,763.30","1,772.30","1,775.20","1,757.20"
2013/10/29,"1,772.00","1,762.90","1,772.10","1,762.90"
2013/10/28,"1,762.10","1,759.40","1,765.00","1,757.70"
2013/10/25,"1,759.80","1,756.00","1,759.80","1,752.50"
2013/10/24,"1,752.10","1,747.50","1,753.90","1,745.50"
2013/10/23,"1,746.40","1,752.30","1,752.30","1,740.50"
2013/10/22,"1,754.70","1,746.50","1,759.30","1,746.50"
2013/10/21,"1,744.70","1,745.20","1,747.80","1,740.70"
2013/10/18,"1,744.50","1,736.70","1,745.30","1,735.70"
2013/10/17,"1,733.20","1,720.20","1,733.50","1,714.10"
2013/10/16,"1,721.50","1,700.50","1,721.80","1,700.50"
2013/10/15,"1,698.10","1,709.20","1,711.60","1,695.90"
2013/10/14,"1,710.10","1,699.90","1,711.00","1,692.10"
2013/10/11,"1,703.20","1,691.10","1,703.40","1,688.50"
2013/10/10,"1,692.60","1,660.90","1,692.60","1,660.90"
2013/10/9,"1,656.40","1,657.00","1,662.50","1,646.50"
2013/10/8,"1,655.50","1,676.20","1,676.80","1,655.00"
2013/10/7,"1,676.10","1,687.20","1,687.20","1,674.70"
2013/10/4,"1,690.50","1,678.80","1,691.90","1,677.30"
2013/10/3,"1,678.70","1,692.30","1,692.30","1,670.40"
2013/10/2,"1,693.90","1,691.90","1,693.90","1,680.30"
2013/10/1,"1,695.00","1,682.40","1,696.50","1,682.10"
2013/9/30,"1,681.50","1,687.30","1,687.30","1,675.00"
2013/9/27,"1,691.80","1,695.50","1,695.50","1,687.10"
2013/9/26,"1,698.70","1,694.00","1,703.80","1,693.10"
2013/9/25,"1,692.80","1,698.00","1,701.70","1,691.90"
2013/9/24,"1,697.40","1,702.60","1,707.60","1,694.90"
2013/9/23,"1,701.80","1,711.40","1,711.40","1,697.10"
2013/9/20,"1,709.90","1,722.40","1,725.20","1,708.90"
2013/9/19,"1,722.30","1,727.30","1,729.90","1,720.20"
2013/9/18,"1,725.50","1,705.70","1,729.40","1,700.30"
2013/9/17,"1,704.80","1,697.70","1,705.50","1,697.70"
2013/9/16,"1,697.60","1,691.70","1,705.00","1,691.70"
2013/9/13,"1,688.00","1,685.00","1,688.70","1,682.20"
2013/9/12,"1,683.40","1,689.20","1,690.00","1,682.00"
2013/9/11,"1,689.10","1,681.00","1,689.10","1,678.70"
2013/9/10,"1,684.00","1,674.30","1,684.10","1,674.30"
2013/9/9,"1,671.70","1,656.80","1,672.40","1,656.80"
2013/9/6,"1,655.20","1,657.40","1,664.80","1,640.60"
2013/9/5,"1,655.10","1,653.30","1,659.20","1,653.10"
2013/9/4,"1,653.10","1,640.70","1,655.70","1,637.40"
2013/9/3,"1,639.80","1,636.00","1,651.30","1,633.40"
2013/8/30,"1,633.00","1,638.90","1,640.10","1,628.00"
2013/8/29,"1,638.20","1,633.50","1,646.40","1,630.90"
2013/8/28,"1,635.00","1,630.20","1,641.20","1,627.50"
2013/8/27,"1,630.50","1,652.50","1,652.50","1,629.00"
2013/8/26,"1,656.80","1,664.30","1,669.50","1,656.00"
2013/8/23,"1,663.50","1,659.90","1,664.80","1,654.80"
2013/8/22,"1,657.00","1,645.00","1,659.50","1,645.00"
2013/8/21,"1,642.80","1,650.70","1,657.00","1,639.40"
2013/8/20,"1,652.30","1,646.80","1,658.90","1,646.10"
2013/8/19,"1,646.10","1,655.20","1,659.20","1,645.80"
2013/8/16,"1,655.80","1,661.20","1,663.60","1,652.60"
2013/8/15,"1,661.30","1,679.60","1,679.60","1,658.60"
2013/8/14,"1,685.40","1,693.90","1,695.50","1,684.80"
2013/8/13,"1,694.20","1,690.70","1,696.80","1,682.60"
2013/8/12,"1,689.50","1,688.40","1,691.50","1,683.30"
2013/8/9,"1,691.40","1,696.10","1,699.40","1,686.00"
2013/8/8,"1,697.50","1,693.30","1,700.20","1,688.40"
2013/8/7,"1,690.90","1,695.30","1,695.30","1,684.90"
2013/8/6,"1,697.40","1,705.80","1,705.80","1,693.30"
2013/8/5,"1,707.10","1,708.00","1,709.20","1,703.50"
2013/8/2,"1,709.70","1,706.10","1,709.70","1,700.70"
2013/8/1,"1,706.90","1,689.40","1,707.80","1,689.40"
2013/7/31,"1,685.70","1,687.80","1,698.40","1,684.90"
2013/7/30,"1,686.00","1,687.90","1,693.20","1,682.40"
2013/7/29,"1,685.30","1,690.30","1,690.90","1,681.90"
2013/7/26,"1,691.70","1,687.30","1,691.80","1,676.00"
2013/7/25,"1,690.20","1,685.20","1,690.90","1,680.10"
2013/7/24,"1,685.90","1,696.10","1,698.40","1,682.60"
2013/7/23,"1,692.40","1,696.60","1,698.80","1,691.10"
2013/7/22,"1,695.50","1,694.40","1,697.60","1,690.70"
2013/7/19,"1,692.10","1,686.20","1,692.10","1,684.10"
2013/7/18,"1,689.40","1,681.00","1,693.10","1,681.00"
2013/7/17,"1,680.90","1,677.90","1,684.80","1,677.90"
2013/7/16,"1,676.30","1,682.70","1,683.70","1,671.80"
2013/7/15,"1,682.50","1,679.60","1,684.50","1,677.90"
2013/7/12,"1,680.20","1,675.30","1,680.20","1,672.30"
2013/7/11,"1,675.00","1,657.40","1,676.60","1,657.40"
2013/7/10,"1,652.60","1,651.60","1,657.90","1,647.70"
2013/7/9,"1,652.30","1,642.90","1,654.20","1,642.90"
2013/7/8,"1,640.50","1,634.20","1,644.70","1,634.20"
2013/7/5,"1,631.90","1,618.70","1,632.10","1,614.70"
2013/7/3,"1,615.40","1,611.50","1,619.00","1,604.60"
2013/7/2,"1,614.10","1,614.30","1,624.30","1,606.80"
2013/7/1,"1,615.00","1,609.80","1,626.60","1,609.80"
2013/6/28,"1,606.30","1,611.10","1,615.90","1,601.10"
2013/6/27,"1,613.20","1,606.40","1,620.10","1,606.40"
2013/6/26,"1,603.30","1,592.30","1,606.80","1,592.30"
2013/6/25,"1,588.00","1,577.50","1,593.80","1,577.10"
2013/6/24,"1,573.10","1,588.80","1,588.80","1,560.30"
2013/6/21,"1,592.40","1,588.60","1,599.20","1,577.70"
2013/6/20,"1,588.20","1,624.60","1,624.60","1,584.30"
2013/6/19,"1,628.90","1,651.80","1,652.50","1,628.90"
2013/6/18,"1,651.80","1,639.80","1,654.20","1,639.80"
2013/6/17,"1,639.00","1,630.60","1,646.50","1,630.30"
2013/6/14,"1,626.70","1,635.50","1,640.80","1,624.00"
2013/6/13,"1,636.40","1,612.20","1,639.20","1,608.10"
2013/6/12,"1,612.50","1,629.90","1,637.70","1,610.90"
2013/6/11,"1,626.10","1,638.60","1,640.10","1,622.90"
2013/6/10,"1,642.80","1,644.70","1,648.70","1,639.30"
2013/6/7,"1,643.40","1,625.30","1,644.40","1,625.30"
2013/6/6,"1,622.60","1,609.30","1,622.60","1,598.20"
2013/6/5,"1,608.90","1,629.00","1,629.30","1,607.10"
2013/6/4,"1,631.40","1,640.70","1,646.50","1,623.60"
2013/6/3,"1,640.40","1,631.70","1,640.40","1,622.70"
2013/5/31,"1,630.70","1,652.10","1,659.00","1,630.70"
2013/5/30,"1,654.40","1,649.10","1,661.90","1,648.60"
2013/5/29,"1,648.40","1,656.60","1,656.60","1,640.00"
2013/5/28,"1,660.10","1,652.60","1,674.20","1,652.60"
2013/5/24,"1,649.60","1,646.70","1,649.80","1,636.90"
2013/5/23,"1,650.50","1,651.60","1,655.50","1,635.50"
2013/5/22,"1,655.30","1,669.40","1,687.20","1,648.90"
2013/5/21,"1,669.20","1,666.20","1,674.90","1,662.70"
2013/5/20,"1,666.30","1,665.70","1,672.80","1,663.50"
2013/5/17,"1,667.50","1,652.50","1,667.50","1,652.50"
2013/5/16,"1,650.50","1,658.10","1,660.50","1,648.60"
2013/5/15,"1,658.80","1,649.10","1,661.50","1,646.70"
2013/5/14,"1,650.30","1,633.80","1,651.10","1,633.80"
2013/5/13,"1,633.80","1,632.10","1,636.00","1,626.70"
2013/5/10,"1,633.70","1,626.70","1,633.70","1,623.70"
2013/5/9,"1,626.70","1,632.70","1,635.00","1,623.10"
2013/5/8,"1,632.70","1,626.00","1,632.80","1,622.70"
2013/5/7,"1,626.00","1,617.50","1,626.00","1,616.60"
2013/5/6,"1,617.50","1,614.40","1,619.80","1,614.20"
2013/5/3,"1,614.40","1,597.60","1,618.50","1,597.60"
2013/5/2,"1,597.60","1,582.80","1,598.60","1,582.80"
2013/5/1,"1,582.70","1,597.50","1,597.50","1,581.30"
2013/4/30,"1,597.60","1,593.60","1,597.60","1,586.50"
2013/4/29,"1,593.60","1,582.30","1,596.70","1,582.30"
2013/4/26,"1,582.20","1,585.20","1,585.80","1,577.60"
2013/4/25,"1,585.20","1,578.90","1,592.60","1,578.90"
2013/4/24,"1,578.80","1,578.80","1,583.00","1,575.80"
2013/4/23,"1,578.80","1,562.50","1,579.60","1,562.50"
2013/4/22,"1,562.50","1,555.20","1,565.50","1,548.20"
2013/4/19,"1,555.20","1,541.60","1,555.90","1,539.40"
2013/4/18,"1,541.60","1,552.00","1,554.40","1,536.00"
2013/4/17,"1,552.00","1,574.60","1,574.60","1,543.70"
2013/4/16,"1,574.60","1,552.40","1,575.30","1,552.40"
2013/4/15,"1,552.40","1,588.80","1,588.80","1,552.30"
2013/4/12,"1,588.80","1,593.30","1,593.30","1,580.00"
2013/4/11,"1,593.40","1,587.70","1,597.30","1,586.20"
2013/4/10,"1,587.70","1,568.60","1,589.10","1,568.60"
2013/4/9,"1,568.60","1,563.10","1,573.90","1,560.90"
2013/4/8,"1,563.10","1,553.30","1,563.10","1,548.60"
2013/4/5,"1,553.30","1,560.00","1,560.00","1,539.50"
2013/4/4,"1,560.00","1,553.70","1,562.60","1,552.50"
2013/4/3,"1,553.70","1,570.20","1,571.50","1,549.80"
2013/4/2,"1,570.20","1,562.20","1,573.70","1,562.20"
2013/4/1,"1,562.20","1,569.20","1,570.60","1,558.50"
2013/3/28,"1,569.20","1,562.90","1,570.30","1,561.10"
2013/3/27,"1,562.80","1,563.80","1,564.10","1,551.90"
2013/3/26,"1,563.80","1,551.70","1,564.00","1,551.70"
2013/3/25,"1,551.70","1,556.90","1,564.90","1,546.20"
2013/3/22,"1,556.90","1,545.90","1,557.70","1,545.90"
2013/3/21,"1,545.80","1,558.70","1,558.70","1,543.50"
2013/3/20,"1,558.70","1,548.30","1,561.60","1,548.30"
2013/3/19,"1,548.30","1,552.10","1,557.20","1,538.60"
2013/3/18,"1,552.10","1,560.70","1,560.70","1,545.10"
2013/3/15,"1,560.70","1,563.20","1,563.60","1,555.70"
2013/3/14,"1,563.20","1,554.50","1,563.30","1,554.50"
2013/3/13,"1,554.50","1,552.50","1,556.40","1,548.20"
2013/3/12,"1,552.50","1,556.20","1,556.80","1,548.20"
2013/3/11,"1,556.20","1,551.20","1,556.30","1,547.40"
2013/3/8,"1,551.20","1,544.30","1,552.50","1,542.90"
2013/3/7,"1,544.30","1,541.50","1,545.80","1,541.50"
2013/3/6,"1,541.50","1,539.80","1,545.20","1,538.10"
2013/3/5,"1,539.80","1,525.20","1,543.50","1,525.20"
2013/3/4,"1,525.20","1,518.20","1,525.30","1,512.30"
2013/3/1,"1,518.20","1,514.70","1,520.00","1,501.50"
2013/2/28,"1,514.70","1,516.00","1,525.30","1,514.50"
2013/2/27,"1,516.00","1,496.90","1,520.10","1,494.90"
2013/2/26,"1,496.90","1,487.80","1,499.00","1,485.00"
2013/2/25,"1,487.80","1,515.60","1,525.80","1,487.80"
2013/2/22,"1,515.60","1,502.40","1,515.60","1,502.40"
2013/2/21,"1,502.40","1,512.00","1,512.00","1,497.30"
2013/2/20,"1,512.00","1,530.90","1,530.90","1,511.40"
2013/2/19,"1,530.90","1,519.80","1,530.90","1,519.80"
2013/2/15,"1,519.80","1,521.40","1,524.20","1,514.10"
2013/2/14,"1,521.40","1,520.30","1,523.10","1,514.00"
2013/2/13,"1,520.30","1,519.40","1,524.70","1,515.90"
2013/2/12,"1,519.40","1,517.00","1,522.30","1,515.60"
2013/2/11,"1,517.00","1,517.90","1,518.30","1,513.60"
2013/2/8,"1,517.90","1,509.40","1,518.30","1,509.40"
2013/2/7,"1,509.40","1,512.10","1,512.90","1,498.50"
2013/2/6,"1,512.10","1,511.30","1,512.50","1,504.70"
2013/2/5,"1,511.30","1,495.70","1,515.00","1,495.70"
2013/2/4,"1,495.70","1,513.20","1,513.20","1,495.00"
2013/2/1,"1,513.20","1,498.10","1,514.40","1,498.10"
2013/1/31,"1,498.10","1,502.00","1,504.20","1,496.80"
2013/1/30,"1,502.00","1,507.80","1,509.90","1,500.10"
2013/1/29,"1,507.80","1,500.20","1,509.30","1,498.10"
2013/1/28,"1,500.20","1,503.00","1,503.20","1,496.30"
2013/1/25,"1,503.00","1,494.80","1,503.30","1,494.80"
2013/1/24,"1,494.80","1,494.80","1,502.30","1,489.50"
2013/1/23,"1,494.80","1,492.60","1,496.10","1,489.90"
2013/1/22,"1,492.60","1,486.00","1,492.60","1,481.20"
2013/1/18,"1,486.00","1,481.00","1,486.00","1,475.80"
2013/1/17,"1,480.90","1,472.60","1,485.20","1,472.60"
2013/1/16,"1,472.60","1,472.30","1,474.00","1,467.60"
2013/1/15,"1,472.30","1,470.70","1,473.30","1,463.80"
2013/1/14,"1,470.70","1,472.00","1,472.00","1,465.70"
2013/1/11,"1,472.00","1,472.10","1,472.80","1,467.60"
2013/1/10,"1,472.10","1,464.60","1,472.30","1,461.00"
2013/1/9,"1,461.00","1,457.20","1,464.70","1,457.20"
2013/1/8,"1,457.20","1,461.90","1,461.90","1,451.60"
2013/1/7,"1,461.90","1,466.50","1,466.50","1,456.60"
2013/1/4,"1,466.50","1,459.40","1,467.90","1,459.00"
2013/1/3,"1,459.40","1,462.40","1,465.50","1,455.50"
2013/1/2,"1,462.40","1,426.20","1,462.40","1,426.20"
2012/12/31,"1,426.20","1,402.40","1,426.70","1,398.10"
2012/12/28,"1,402.40","1,418.10","1,418.10","1,401.60"
2012/12/27,"1,418.10","1,419.80","1,422.80","1,401.80"
2012/12/26,"1,419.80","1,426.70","1,429.40","1,416.40"
2012/12/24,"1,426.70","1,430.20","1,430.20","1,424.70"
2012/12/21,"1,430.20","1,443.70","1,443.70","1,422.60"
2012/12/20,"1,443.70","1,435.80","1,443.70","1,432.80"
2012/12/19,"1,435.80","1,446.80","1,447.80","1,435.80"
2012/12/18,"1,446.80","1,430.50","1,448.00","1,430.50"
2012/12/17,"1,430.40","1,413.50","1,430.70","1,413.50"
2012/12/14,"1,413.60","1,419.50","1,419.50","1,411.90"
2012/12/13,"1,419.50","1,428.50","1,431.40","1,416.00"
2012/12/12,"1,428.50","1,427.80","1,438.60","1,426.80"
2012/12/11,"1,427.80","1,418.50","1,434.30","1,418.50"
2012/12/10,"1,418.50","1,418.10","1,421.60","1,415.60"
2012/12/7,"1,418.10","1,414.00","1,420.30","1,410.90"
2012/12/6,"1,413.90","1,409.40","1,414.00","1,405.90"
2012/12/5,"1,409.30","1,407.00","1,415.60","1,398.20"
2012/12/4,"1,407.00","1,409.50","1,413.10","1,403.70"
2012/12/3,"1,409.50","1,416.30","1,423.70","1,408.50"
2012/11/30,"1,416.20","1,416.00","1,418.90","1,411.60"
2012/11/29,"1,416.00","1,410.00","1,419.70","1,409.00"
2012/11/28,"1,409.90","1,398.80","1,410.30","1,385.40"
2012/11/27,"1,398.90","1,406.30","1,409.00","1,398.00"
2012/11/26,"1,406.30","1,409.20","1,409.20","1,397.70"
2012/11/23,"1,409.20","1,391.00","1,409.20","1,391.00"
2012/11/21,"1,391.00","1,387.80","1,391.20","1,386.40"
2012/11/20,"1,387.80","1,386.80","1,389.80","1,377.00"
2012/11/19,"1,386.90","1,359.90","1,386.90","1,359.90"
2012/11/16,"1,359.90","1,353.40","1,362.00","1,343.30"
2012/11/15,"1,353.30","1,355.40","1,360.60","1,348.00"
2012/11/14,"1,355.50","1,374.60","1,380.10","1,352.50"
2012/11/13,"1,374.50","1,380.00","1,388.80","1,371.40"
2012/11/12,"1,380.00","1,379.90","1,384.90","1,377.20"
2012/11/9,"1,379.80","1,377.50","1,391.40","1,373.00"
2012/11/8,"1,377.50","1,394.50","1,401.20","1,377.50"
2012/11/7,"1,394.50","1,428.30","1,428.30","1,388.10"
2012/11/6,"1,428.40","1,417.30","1,433.40","1,417.30"
2012/11/5,"1,417.30","1,414.00","1,419.90","1,408.10"
2012/11/2,"1,414.20","1,427.60","1,434.30","1,412.90"
2012/11/1,"1,427.60","1,412.20","1,428.30","1,412.20"
2012/10/31,"1,412.20","1,411.00","1,418.80","1,406.00"
2012/10/26,"1,411.90","1,413.00","1,417.10","1,403.30"
2012/10/25,"1,413.00","1,409.70","1,421.10","1,405.10"
2012/10/24,"1,408.80","1,413.20","1,420.00","1,407.10"
2012/10/23,"1,413.10","1,433.70","1,433.70","1,407.60"
2012/10/22,"1,433.80","1,433.20","1,435.50","1,422.10"
2012/10/19,"1,433.20","1,457.30","1,457.30","1,429.80"
2012/10/18,"1,457.30","1,460.90","1,464.00","1,452.60"
2012/10/17,"1,460.90","1,454.20","1,462.20","1,453.30"
2012/10/16,"1,454.90","1,440.30","1,455.50","1,440.30"
2012/10/15,"1,440.10","1,428.80","1,441.30","1,427.20"
2012/10/12,"1,428.60","1,432.80","1,438.40","1,425.50"
2012/10/11,"1,432.80","1,432.80","1,443.90","1,432.80"
2012/10/10,"1,432.60","1,441.50","1,442.50","1,430.60"
2012/10/9,"1,441.50","1,455.90","1,455.90","1,441.20"
2012/10/8,"1,455.90","1,460.90","1,460.90","1,453.10"
2012/10/5,"1,460.90","1,461.40","1,471.00","1,456.90"
2012/10/4,"1,461.40","1,451.10","1,463.10","1,451.10"
2012/10/3,"1,451.00","1,446.00","1,454.30","1,442.00"
2012/10/2,"1,445.80","1,445.00","1,451.50","1,439.00"
2012/10/1,"1,444.50","1,440.90","1,457.10","1,440.90"
2012/9/28,"1,440.70","1,447.10","1,447.10","1,435.60"
2012/9/27,"1,447.20","1,433.40","1,450.20","1,433.40"
2012/9/26,"1,433.30","1,441.60","1,441.60","1,430.50"
2012/9/25,"1,441.60","1,456.90","1,463.20","1,441.60"
2012/9/24,"1,456.90","1,459.80","1,460.70","1,452.10"
2012/9/21,"1,460.20","1,460.30","1,467.10","1,459.50"
2012/9/20,"1,460.30","1,461.00","1,461.20","1,450.00"
2012/9/19,"1,461.00","1,459.50","1,465.20","1,457.90"
2012/9/18,"1,459.30","1,461.20","1,461.50","1,456.10"
2012/9/17,"1,461.20","1,465.40","1,465.60","1,457.50"
2012/9/14,"1,465.80","1,460.10","1,474.50","1,460.10"
2012/9/13,"1,460.00","1,436.60","1,463.80","1,435.30"
2012/9/12,"1,436.60","1,433.60","1,439.20","1,433.00"
2012/9/11,"1,433.60","1,429.10","1,437.80","1,429.10"
2012/9/10,"1,429.10","1,437.90","1,438.70","1,429.00"
2012/9/7,"1,437.90","1,432.10","1,437.90","1,431.50"
2012/9/6,"1,432.10","1,403.40","1,432.10","1,403.40"
2012/9/5,"1,403.40","1,404.90","1,408.80","1,401.20"
2012/9/4,"1,404.90","1,406.50","1,409.30","1,396.60"
2012/8/31,"1,406.60","1,400.10","1,413.10","1,399.00"
2012/8/30,"1,399.50","1,410.10","1,410.10","1,397.00"
2012/8/29,"1,410.50","1,409.30","1,414.00","1,406.60"
2012/8/28,"1,409.30","1,410.40","1,413.60","1,405.60"
2012/8/27,"1,410.40","1,411.10","1,416.20","1,409.10"
2012/8/24,"1,411.10","1,402.00","1,413.50","1,398.00"
2012/8/23,"1,402.10","1,413.50","1,413.50","1,400.50"
2012/8/22,"1,413.50","1,413.10","1,416.10","1,406.80"
2012/8/21,"1,413.20","1,418.10","1,426.70","1,410.90"
2012/8/20,"1,418.10","1,417.80","1,418.10","1,412.10"
2012/8/17,"1,418.20","1,415.80","1,418.70","1,414.70"
2012/8/16,"1,415.50","1,406.60","1,417.40","1,404.20"
2012/8/15,"1,405.50","1,403.90","1,407.70","1,401.80"
2012/8/14,"1,403.90","1,404.40","1,410.00","1,400.60"
2012/8/13,"1,404.10","1,405.90","1,405.90","1,397.30"
2012/8/10,"1,405.90","1,402.60","1,406.00","1,395.60"
2012/8/9,"1,402.80","1,402.30","1,406.00","1,398.80"
2012/8/8,"1,402.20","1,401.20","1,404.10","1,396.10"
2012/8/7,"1,401.30","1,394.50","1,407.10","1,394.50"
2012/8/6,"1,394.20","1,391.00","1,399.60","1,391.00"
2012/8/3,"1,391.00","1,365.50","1,394.20","1,365.50"
2012/8/2,"1,365.00","1,375.10","1,375.10","1,354.70"
2012/8/1,"1,375.10","1,379.30","1,385.00","1,373.30"
2012/7/31,"1,379.30","1,385.30","1,387.20","1,379.20"
2012/7/30,"1,385.30","1,385.90","1,391.70","1,381.40"
2012/7/27,"1,386.00","1,360.00","1,389.20","1,360.00"
2012/7/26,"1,360.00","1,338.20","1,363.10","1,338.20"
2012/7/25,"1,337.90","1,338.30","1,344.00","1,331.50"
2012/7/24,"1,338.30","1,350.50","1,351.50","1,329.20"
2012/7/23,"1,350.50","1,362.30","1,362.30","1,337.60"
2012/7/20,"1,362.70","1,376.50","1,376.50","1,362.20"
2012/7/19,"1,376.50","1,373.00","1,380.40","1,371.20"
2012/7/18,"1,372.80","1,363.60","1,375.30","1,359.00"
2012/7/17,"1,363.70","1,353.70","1,365.40","1,345.10"
2012/7/16,"1,353.60","1,356.50","1,357.30","1,348.50"
2012/7/13,"1,356.80","1,334.80","1,357.70","1,334.80"
2012/7/12,"1,334.80","1,341.30","1,341.30","1,325.40"
2012/7/11,"1,341.50","1,341.40","1,345.00","1,333.20"
2012/7/10,"1,341.50","1,353.00","1,361.50","1,336.30"
2012/7/9,"1,352.50","1,354.70","1,354.90","1,346.70"
2012/7/6,"1,354.70","1,367.10","1,367.10","1,348.00"
2012/7/5,"1,367.60","1,373.70","1,373.80","1,363.00"
2012/7/3,"1,374.00","1,365.80","1,374.80","1,363.50"
2012/7/2,"1,365.50","1,362.30","1,366.30","1,355.70"
2012/6/29,"1,362.20","1,330.10","1,362.20","1,330.10"
2012/6/28,"1,329.00","1,331.50","1,331.50","1,313.30"
2012/6/27,"1,331.80","1,320.70","1,334.40","1,320.70"
2012/6/26,"1,320.00","1,314.10","1,324.20","1,310.30"
2012/6/25,"1,313.70","1,334.90","1,334.90","1,309.30"
2012/6/22,"1,335.00","1,325.90","1,337.80","1,325.90"
2012/6/21,"1,325.50","1,355.40","1,358.30","1,324.40"
2012/6/20,"1,355.70","1,358.00","1,361.60","1,346.50"
2012/6/19,"1,358.00","1,344.80","1,363.50","1,344.80"
2012/6/18,"1,344.80","1,342.40","1,348.20","1,334.50"
2012/6/15,"1,342.80","1,329.20","1,343.30","1,329.20"
2012/6/14,"1,329.10","1,314.90","1,333.70","1,314.10"
2012/6/13,"1,314.90","1,324.00","1,327.30","1,310.50"
2012/6/12,"1,324.20","1,309.40","1,324.30","1,306.60"
2012/6/11,"1,308.90","1,325.70","1,335.50","1,307.70"
2012/6/8,"1,325.70","1,315.00","1,325.80","1,307.80"
2012/6/7,"1,315.00","1,316.20","1,329.00","1,312.70"
2012/6/6,"1,315.10","1,285.60","1,315.10","1,285.60"
2012/6/5,"1,285.50","1,277.80","1,287.60","1,274.20"
2012/6/4,"1,278.20","1,278.30","1,282.50","1,266.70"
2012/6/1,"1,278.00","1,309.90","1,309.90","1,277.20"
2012/5/31,"1,310.30","1,313.10","1,319.70","1,298.90"
2012/5/30,"1,313.30","1,331.20","1,331.20","1,310.80"
2012/5/29,"1,332.40","1,318.90","1,334.90","1,318.90"
2012/5/25,"1,317.80","1,320.80","1,324.20","1,314.20"
2012/5/24,"1,320.70","1,318.70","1,324.10","1,310.50"
2012/5/23,"1,318.90","1,316.00","1,320.70","1,296.50"
2012/5/22,"1,316.60","1,316.10","1,328.50","1,310.00"
2012/5/21,"1,316.00","1,295.70","1,316.40","1,295.70"
2012/5/18,"1,295.20","1,305.00","1,312.20","1,292.00"
2012/5/17,"1,304.90","1,324.80","1,326.40","1,304.90"
2012/5/16,"1,324.80","1,330.80","1,341.80","1,324.80"
2012/5/15,"1,330.70","1,338.40","1,344.90","1,328.40"
2012/5/14,"1,338.30","1,351.90","1,351.90","1,336.60"
2012/5/11,"1,353.40","1,358.10","1,365.70","1,348.90"
2012/5/10,"1,358.00","1,354.60","1,365.90","1,354.60"
2012/5/9,"1,354.60","1,363.20","1,363.70","1,343.10"
2012/5/8,"1,363.70","1,369.20","1,369.20","1,347.80"
2012/5/7,"1,369.60","1,368.80","1,373.90","1,363.90"
2012/5/4,"1,369.10","1,391.50","1,391.50","1,368.00"
2012/5/3,"1,391.60","1,402.30","1,403.10","1,388.70"
2012/5/2,"1,402.30","1,405.50","1,405.50","1,393.90"
2012/5/1,"1,405.80","1,397.90","1,415.30","1,395.70"
2012/4/30,"1,397.90","1,403.30","1,403.30","1,394.00"
2012/4/27,"1,403.40","1,400.20","1,406.60","1,397.30"
2012/4/26,"1,400.00","1,390.60","1,402.10","1,387.30"
2012/4/25,"1,390.70","1,372.10","1,391.40","1,372.10"
2012/4/24,"1,372.00","1,367.00","1,375.60","1,366.80"
2012/4/23,"1,366.90","1,378.50","1,378.50","1,358.80"
2012/4/20,"1,378.50","1,377.00","1,387.40","1,377.00"
2012/4/19,"1,376.90","1,385.10","1,390.50","1,370.30"
2012/4/18,"1,385.10","1,390.80","1,390.80","1,383.30"
2012/4/17,"1,390.80","1,369.60","1,392.80","1,369.60"
2012/4/16,"1,369.60","1,370.30","1,379.70","1,365.40"
2012/4/13,"1,370.30","1,387.60","1,387.60","1,369.80"
2012/4/12,"1,387.60","1,368.80","1,388.10","1,368.80"
2012/4/11,"1,368.70","1,359.00","1,374.70","1,359.00"
2012/4/10,"1,358.60","1,382.20","1,383.00","1,357.40"
2012/4/9,"1,382.20","1,397.50","1,397.50","1,378.20"
2012/4/5,"1,398.10","1,398.80","1,401.60","1,392.90"
2012/4/4,"1,399.00","1,413.10","1,413.10","1,394.10"
2012/4/3,"1,413.40","1,419.00","1,419.00","1,404.60"
2012/4/2,"1,419.00","1,408.50","1,422.40","1,404.50"
2012/3/30,"1,408.50","1,403.30","1,410.90","1,401.40"
2012/3/29,"1,403.30","1,405.40","1,405.40","1,391.60"
2012/3/28,"1,405.50","1,412.50","1,413.70","1,397.20"
2012/3/27,"1,412.50","1,416.50","1,419.20","1,412.00"
2012/3/26,"1,416.50","1,397.10","1,416.60","1,397.10"
2012/3/23,"1,397.10","1,392.80","1,399.20","1,386.90"
2012/3/22,"1,392.80","1,402.90","1,402.90","1,388.70"
2012/3/21,"1,402.90","1,405.50","1,407.80","1,400.60"
2012/3/20,"1,405.50","1,409.60","1,409.60","1,397.70"
2012/3/19,"1,409.80","1,404.20","1,414.00","1,402.40"
2012/3/16,"1,404.20","1,402.50","1,405.90","1,401.50"
2012/3/15,"1,402.60","1,394.20","1,402.60","1,392.80"
2012/3/14,"1,394.30","1,396.00","1,399.40","1,390.00"
2012/3/13,"1,396.00","1,371.90","1,396.10","1,371.90"
2012/3/12,"1,371.10","1,370.80","1,373.00","1,366.70"
2012/3/9,"1,370.90","1,366.00","1,374.80","1,366.00"
2012/3/8,"1,365.90","1,352.70","1,368.70","1,352.70"
2012/3/7,"1,352.60","1,343.40","1,354.80","1,343.40"
2012/3/6,"1,343.40","1,363.60","1,363.60","1,340.00"
2012/3/5,"1,364.30","1,369.60","1,369.60","1,359.10"
2012/3/2,"1,369.60","1,374.10","1,374.50","1,366.40"
2012/3/1,"1,374.10","1,365.90","1,376.20","1,365.90"
2012/2/29,"1,365.70","1,372.20","1,378.00","1,363.80"
2012/2/28,"1,372.20","1,367.60","1,373.10","1,366.00"
2012/2/27,"1,367.60","1,365.20","1,371.90","1,354.90"
2012/2/24,"1,365.70","1,363.50","1,368.90","1,363.50"
2012/2/23,"1,363.50","1,357.50","1,364.20","1,352.30"
2012/2/22,"1,357.70","1,362.10","1,362.70","1,355.50"
2012/2/21,"1,362.20","1,361.20","1,367.80","1,358.10"
2012/2/17,"1,361.20","1,358.10","1,363.40","1,357.20"
2012/2/16,"1,358.00","1,342.60","1,359.00","1,341.20"
2012/2/15,"1,343.20","1,350.50","1,355.90","1,340.80"
2012/2/14,"1,350.50","1,351.30","1,351.30","1,340.80"
2012/2/13,"1,351.80","1,343.10","1,353.30","1,343.10"
2012/2/10,"1,342.60","1,351.20","1,351.20","1,337.30"
2012/2/9,"1,352.00","1,350.00","1,354.30","1,344.60"
2012/2/8,"1,350.00","1,347.00","1,351.00","1,342.00"
2012/2/7,"1,347.00","1,344.30","1,349.20","1,335.90"
2012/2/6,"1,344.30","1,344.30","1,344.40","1,337.50"
2012/2/3,"1,344.90","1,326.20","1,345.30","1,326.20"
2012/2/2,"1,325.50","1,324.20","1,329.20","1,321.60"
2012/2/1,"1,324.10","1,312.50","1,330.50","1,312.50"
2012/1/31,"1,312.40","1,313.50","1,321.40","1,306.70"
2012/1/30,"1,313.00","1,316.20","1,316.20","1,300.50"
2012/1/27,"1,316.30","1,318.20","1,320.10","1,311.70"
2012/1/26,"1,318.40","1,326.30","1,333.50","1,313.60"
2012/1/25,"1,326.00","1,314.40","1,328.30","1,307.70"
2012/1/24,"1,314.70","1,316.00","1,316.00","1,306.10"
2012/1/23,"1,316.00","1,315.30","1,322.30","1,309.90"
2012/1/20,"1,315.40","1,314.50","1,315.40","1,309.20"
2012/1/19,"1,314.50","1,308.10","1,315.50","1,308.10"
2012/1/18,"1,308.00","1,293.70","1,308.10","1,291.00"
2012/1/17,"1,293.70","1,290.20","1,303.00","1,290.20"
2012/1/13,"1,289.10","1,294.80","1,294.80","1,277.60"
2012/1/12,"1,295.50","1,292.50","1,296.80","1,285.80"
2012/1/11,"1,292.50","1,292.00","1,293.80","1,285.40"
2012/1/10,"1,292.10","1,280.80","1,296.50","1,280.80"
2012/1/9,"1,280.70","1,277.80","1,282.00","1,274.50"
2012/1/6,"1,277.80","1,280.90","1,281.80","1,273.30"
2012/1/5,"1,281.10","1,277.30","1,283.00","1,265.30"
2012/1/4,"1,277.30","1,277.00","1,278.70","1,268.10"
2012/1/3,"1,277.10","1,258.90","1,284.60","1,258.90"
2011/12/30,"1,257.60","1,262.80","1,264.10","1,257.50"
2011/12/29,"1,263.00","1,249.80","1,263.50","1,249.80"
2011/12/28,"1,249.60","1,265.40","1,265.80","1,248.60"
2011/12/27,"1,265.40","1,265.00","1,269.40","1,262.30"
2011/12/23,"1,265.30","1,254.00","1,265.40","1,254.00"
2011/12/22,"1,254.00","1,243.70","1,255.20","1,243.70"
2011/12/21,"1,243.70","1,241.20","1,245.10","1,229.50"
2011/12/20,"1,241.30","1,205.70","1,242.80","1,205.70"
2011/12/19,"1,205.30","1,219.70","1,224.60","1,202.40"
2011/12/16,"1,219.70","1,216.10","1,231.00","1,215.20"
2011/12/15,"1,215.80","1,212.10","1,225.60","1,212.10"
2011/12/14,"1,211.80","1,225.70","1,225.70","1,209.50"
2011/12/13,"1,225.70","1,236.80","1,249.90","1,219.40"
2011/12/12,"1,236.50","1,255.00","1,255.00","1,227.20"
2011/12/9,"1,255.20","1,234.50","1,258.20","1,234.50"
2011/12/8,"1,234.30","1,260.90","1,260.90","1,231.50"
2011/12/7,"1,261.00","1,258.10","1,267.10","1,244.80"
2011/12/6,"1,258.50","1,257.20","1,266.00","1,253.00"
2011/12/5,"1,257.10","1,244.30","1,266.70","1,244.30"
2011/12/2,"1,244.30","1,246.00","1,260.10","1,243.30"
2011/12/1,"1,244.60","1,246.90","1,251.10","1,239.70"
2011/11/30,"1,247.00","1,196.70","1,247.10","1,196.70"
2011/11/29,"1,195.20","1,192.60","1,203.70","1,191.80"
2011/11/28,"1,192.50","1,158.70","1,197.30","1,158.70"
2011/11/25,"1,158.70","1,161.40","1,172.70","1,158.70"
2011/11/23,"1,161.80","1,187.50","1,187.50","1,161.80"
2011/11/22,"1,188.00","1,193.00","1,196.80","1,181.70"
2011/11/21,"1,193.00","1,215.60","1,215.60","1,183.20"
2011/11/18,"1,215.70","1,216.20","1,223.50","1,211.40"
2011/11/17,"1,216.10","1,236.60","1,237.70","1,209.40"
2011/11/16,"1,236.90","1,257.80","1,259.60","1,235.70"
2011/11/15,"1,257.80","1,251.70","1,264.20","1,244.30"
2011/11/14,"1,251.80","1,263.80","1,263.80","1,246.70"
2011/11/11,"1,263.80","1,240.10","1,267.00","1,240.10"
2011/11/10,"1,239.70","1,229.60","1,246.20","1,227.70"
2011/11/9,"1,229.10","1,275.20","1,275.20","1,226.60"
2011/11/8,"1,275.90","1,261.10","1,277.50","1,255.00"
2011/11/7,"1,261.10","1,253.20","1,261.70","1,240.80"
2011/11/4,"1,253.20","1,260.80","1,260.80","1,238.90"
2011/11/3,"1,261.20","1,238.20","1,263.20","1,234.80"
2011/11/2,"1,237.90","1,219.60","1,242.50","1,219.60"
2011/11/1,"1,218.30","1,251.00","1,251.00","1,215.40"
2011/10/31,"1,253.30","1,285.00","1,285.00","1,253.20"
2011/10/28,"1,285.10","1,284.40","1,287.10","1,277.00"
2011/10/27,"1,284.60","1,244.00","1,292.70","1,244.00"
2011/10/26,"1,242.00","1,229.20","1,246.30","1,221.10"
2011/10/25,"1,229.00","1,254.20","1,254.20","1,226.80"
2011/10/24,"1,254.20","1,238.70","1,256.50","1,238.70"
2011/10/21,"1,238.20","1,215.40","1,239.00","1,215.40"
2011/10/20,"1,215.40","1,211.10","1,219.50","1,197.30"
2011/10/19,"1,209.90","1,223.50","1,229.60","1,206.30"
2011/10/18,"1,225.40","1,200.80","1,233.10","1,191.50"
2011/10/17,"1,200.90","1,224.50","1,224.50","1,198.50"
2011/10/14,"1,224.60","1,205.70","1,224.60","1,205.70"
2011/10/13,"1,203.70","1,207.00","1,207.50","1,190.60"
2011/10/12,"1,207.20","1,196.20","1,220.20","1,196.20"
2011/10/11,"1,195.50","1,194.60","1,199.20","1,187.30"
2011/10/10,"1,194.90","1,158.20","1,194.90","1,158.20"
2011/10/7,"1,155.50","1,165.00","1,171.40","1,150.30"
2011/10/6,"1,165.00","1,144.10","1,165.50","1,135.00"
2011/10/5,"1,144.00","1,124.00","1,146.10","1,115.70"
2011/10/4,"1,124.00","1,097.40","1,125.10","1,074.80"
2011/10/3,"1,099.20","1,131.20","1,139.00","1,098.90"
2011/9/30,"1,131.40","1,159.90","1,159.90","1,131.30"
2011/9/29,"1,160.40","1,151.70","1,175.90","1,139.90"
2011/9/28,"1,151.10","1,175.40","1,184.70","1,150.40"
2011/9/27,"1,175.40","1,163.30","1,195.90","1,163.30"
2011/9/26,"1,163.00","1,136.90","1,164.20","1,131.10"
2011/9/23,"1,136.40","1,128.80","1,141.70","1,121.40"
2011/9/22,"1,129.60","1,164.50","1,164.50","1,114.20"
2011/9/21,"1,166.80","1,203.60","1,206.30","1,166.20"
2011/9/20,"1,202.10","1,204.50","1,220.40","1,201.30"
2011/9/19,"1,204.10","1,215.00","1,215.00","1,188.40"
2011/9/16,"1,216.00","1,209.20","1,220.10","1,204.50"
2011/9/15,"1,209.10","1,189.40","1,209.10","1,189.40"
2011/9/14,"1,188.70","1,173.30","1,202.40","1,162.70"
2011/9/13,"1,172.90","1,162.60","1,176.40","1,157.40"
2011/9/12,"1,162.30","1,153.50","1,162.50","1,136.10"
2011/9/9,"1,154.20","1,185.40","1,185.40","1,148.40"
2011/9/8,"1,185.90","1,198.00","1,204.40","1,183.30"
2011/9/7,"1,198.60","1,165.80","1,198.60","1,165.80"
2011/9/6,"1,165.20","1,174.00","1,174.00","1,140.10"
2011/9/2,"1,174.00","1,203.90","1,203.90","1,170.60"
2011/9/1,"1,204.40","1,219.10","1,229.30","1,203.80"
2011/8/31,"1,218.90","1,213.00","1,230.70","1,209.30"
2011/8/30,"1,212.90","1,209.80","1,220.10","1,195.80"
2011/8/29,"1,210.10","1,177.90","1,210.30","1,177.90"
2011/8/26,"1,176.80","1,158.80","1,181.20","1,135.90"
2011/8/25,"1,159.30","1,176.70","1,190.70","1,155.50"
2011/8/24,"1,177.60","1,162.20","1,178.60","1,156.30"
2011/8/23,"1,162.30","1,124.40","1,162.30","1,122.90"
2011/8/22,"1,123.80","1,123.50","1,145.50","1,121.10"
2011/8/19,"1,123.50","1,140.50","1,154.50","1,122.00"
2011/8/18,"1,140.70","1,189.60","1,189.60","1,131.00"
2011/8/17,"1,193.90","1,192.90","1,208.50","1,184.40"
2011/8/16,"1,192.80","1,204.20","1,204.20","1,180.50"
2011/8/15,"1,204.50","1,178.90","1,204.50","1,178.90"
2011/8/12,"1,178.80","1,172.90","1,189.00","1,170.70"
2011/8/11,"1,172.60","1,121.30","1,186.30","1,121.30"
2011/8/10,"1,120.80","1,171.80","1,171.80","1,118.00"
2011/8/9,"1,172.50","1,120.20","1,172.90","1,101.50"
2011/8/8,"1,119.50","1,198.50","1,198.50","1,119.30"
2011/8/5,"1,199.40","1,200.30","1,218.10","1,168.10"
2011/8/4,"1,200.10","1,260.20","1,260.20","1,199.50"
2011/8/3,"1,260.30","1,254.20","1,261.20","1,234.60"
2011/8/2,"1,254.00","1,286.60","1,286.60","1,254.00"
2011/8/1,"1,286.90","1,292.60","1,307.40","1,274.70"
2011/7/29,"1,292.30","1,300.10","1,304.20","1,282.90"
2011/7/28,"1,300.70","1,304.80","1,316.30","1,299.20"
2011/7/27,"1,304.90","1,331.90","1,331.90","1,303.50"
2011/7/26,"1,331.90","1,337.40","1,338.50","1,329.60"
2011/7/25,"1,337.40","1,344.30","1,344.30","1,331.10"
2011/7/22,"1,345.00","1,343.80","1,346.10","1,337.00"
2011/7/21,"1,343.80","1,325.70","1,347.00","1,325.70"
2011/7/20,"1,325.80","1,328.70","1,330.40","1,323.70"
2011/7/19,"1,326.70","1,307.10","1,328.10","1,307.10"
2011/7/18,"1,305.40","1,315.90","1,315.90","1,295.90"
2011/7/15,"1,316.10","1,308.90","1,317.70","1,307.50"
2011/7/14,"1,308.90","1,317.70","1,326.90","1,306.50"
2011/7/13,"1,317.70","1,314.50","1,331.50","1,314.50"
2011/7/12,"1,313.60","1,319.60","1,327.20","1,313.30"
2011/7/11,"1,319.50","1,343.30","1,343.30","1,316.40"
2011/7/8,"1,343.80","1,352.40","1,352.40","1,333.70"
2011/7/7,"1,353.20","1,339.60","1,356.50","1,339.60"
2011/7/6,"1,339.20","1,337.60","1,340.90","1,330.90"
2011/7/5,"1,337.90","1,339.60","1,340.90","1,334.30"
2011/7/1,"1,339.70","1,320.60","1,341.00","1,318.20"
2011/6/30,"1,320.60","1,307.60","1,322.00","1,307.60"
2011/6/29,"1,307.40","1,296.80","1,309.20","1,296.80"
2011/6/28,"1,296.70","1,280.20","1,296.80","1,280.20"
2011/6/27,"1,280.10","1,268.40","1,284.90","1,267.50"
2011/6/24,"1,268.50","1,283.00","1,283.90","1,267.20"
2011/6/23,"1,283.50","1,286.60","1,286.60","1,262.90"
2011/6/22,"1,287.10","1,295.50","1,298.60","1,286.80"
2011/6/21,"1,295.50","1,278.40","1,297.60","1,278.40"
2011/6/20,"1,278.40","1,271.50","1,280.40","1,267.60"
2011/6/17,"1,271.50","1,268.60","1,279.80","1,267.40"
2011/6/16,"1,267.60","1,265.50","1,274.10","1,258.10"
2011/6/15,"1,265.40","1,287.90","1,287.90","1,261.90"
2011/6/14,"1,287.90","1,272.20","1,292.50","1,272.20"
2011/6/13,"1,271.80","1,271.30","1,277.00","1,265.60"
2011/6/10,"1,271.00","1,288.60","1,288.60","1,268.30"
2011/6/9,"1,289.00","1,279.60","1,294.50","1,279.60"
2011/6/8,"1,279.60","1,284.60","1,287.00","1,277.40"
2011/6/7,"1,284.90","1,286.30","1,296.20","1,284.70"
2011/6/6,"1,286.20","1,300.30","1,300.30","1,284.70"
2011/6/3,"1,300.20","1,312.90","1,312.90","1,297.90"
2011/6/2,"1,312.90","1,314.50","1,318.00","1,305.60"
2011/6/1,"1,314.50","1,345.20","1,345.20","1,313.70"
2011/5/31,"1,345.20","1,331.10","1,345.20","1,331.10"
2011/5/27,"1,331.10","1,325.70","1,334.60","1,325.70"
2011/5/26,"1,325.70","1,320.60","1,328.50","1,314.40"
2011/5/25,"1,320.50","1,316.40","1,325.90","1,311.80"
2011/5/24,"1,316.30","1,317.70","1,323.70","1,313.90"
2011/5/23,"1,317.40","1,333.10","1,333.10","1,312.90"
2011/5/20,"1,333.30","1,342.00","1,342.00","1,330.70"
2011/5/19,"1,343.60","1,342.40","1,346.80","1,336.40"
2011/5/18,"1,340.70","1,328.50","1,341.80","1,326.60"
2011/5/17,"1,329.00","1,326.10","1,330.40","1,318.50"
2011/5/16,"1,329.50","1,334.80","1,343.30","1,327.30"
2011/5/13,"1,337.80","1,348.70","1,350.50","1,333.40"
2011/5/12,"1,348.70","1,339.40","1,351.00","1,332.00"
2011/5/11,"1,342.10","1,354.50","1,354.50","1,336.40"
2011/5/10,"1,357.20","1,348.30","1,359.40","1,348.30"
2011/5/9,"1,346.30","1,340.20","1,349.40","1,338.60"
2011/5/6,"1,340.20","1,340.20","1,354.40","1,335.60"
2011/5/5,"1,335.10","1,344.20","1,348.00","1,329.20"
2011/5/4,"1,347.30","1,355.90","1,355.90","1,341.50"
2011/5/3,"1,356.60","1,359.80","1,360.80","1,349.50"
2011/5/2,"1,361.20","1,365.20","1,370.60","1,358.60"
2011/4/29,"1,363.60","1,360.10","1,364.60","1,358.70"
2011/4/28,"1,360.50","1,353.90","1,361.70","1,353.60"
2011/4/27,"1,355.70","1,348.40","1,357.50","1,344.20"
2011/4/26,"1,347.20","1,336.80","1,349.50","1,336.80"
2011/4/25,"1,335.20","1,337.10","1,337.50","1,331.50"
2011/4/21,"1,337.40","1,333.20","1,337.50","1,332.80"
2011/4/20,"1,330.40","1,319.10","1,332.70","1,319.10"
2011/4/19,"1,312.60","1,306.00","1,312.70","1,304.00"
2011/4/18,"1,305.10","1,313.30","1,313.30","1,294.70"
2011/4/15,"1,319.70","1,314.50","1,322.90","1,313.70"
2011/4/14,"1,314.50","1,311.10","1,316.80","1,302.40"
2011/4/13,"1,314.40","1,314.00","1,321.30","1,309.20"
2011/4/12,"1,314.20","1,322.00","1,322.00","1,309.50"
2011/4/11,"1,324.50","1,329.00","1,333.80","1,321.10"
2011/4/8,"1,328.20","1,336.20","1,339.50","1,322.90"
2011/4/7,"1,333.50","1,334.80","1,338.80","1,326.60"
2011/4/6,"1,335.50","1,335.90","1,339.40","1,331.10"
2011/4/5,"1,332.60","1,332.00","1,338.20","1,330.00"
2011/4/4,"1,332.90","1,333.60","1,336.70","1,329.10"
2011/4/1,"1,332.40","1,329.50","1,337.80","1,328.90"
2011/3/31,"1,325.80","1,327.40","1,329.80","1,325.00"
2011/3/30,"1,328.30","1,321.90","1,331.70","1,321.90"
2011/3/29,"1,319.40","1,309.40","1,319.50","1,305.30"
2011/3/28,"1,310.20","1,315.50","1,319.70","1,310.20"
2011/3/25,"1,313.80","1,311.80","1,319.20","1,310.20"
2011/3/24,"1,309.70","1,300.60","1,311.30","1,297.70"
2011/3/23,"1,297.50","1,292.20","1,300.50","1,284.00"
2011/3/22,"1,293.80","1,298.30","1,299.30","1,292.70"
2011/3/21,"1,298.40","1,281.70","1,300.60","1,281.70"
2011/3/18,"1,279.20","1,276.70","1,288.90","1,276.20"
2011/3/17,"1,273.70","1,261.60","1,278.90","1,261.60"
2011/3/16,"1,256.90","1,279.50","1,280.90","1,249.00"
2011/3/15,"1,281.90","1,288.50","1,288.50","1,261.10"
2011/3/14,"1,296.40","1,301.20","1,301.20","1,286.40"
2011/3/11,"1,304.30","1,293.40","1,308.30","1,292.00"
2011/3/10,"1,295.10","1,315.70","1,315.70","1,294.20"
2011/3/9,"1,320.00","1,319.90","1,323.20","1,312.30"
2011/3/8,"1,321.80","1,311.00","1,325.70","1,306.90"
2011/3/7,"1,310.10","1,322.70","1,327.70","1,304.00"
2011/3/4,"1,321.20","1,330.70","1,331.10","1,312.60"
2011/3/3,"1,331.00","1,312.40","1,332.30","1,312.40"
2011/3/2,"1,308.40","1,305.50","1,314.20","1,302.60"
2011/3/1,"1,306.30","1,328.60","1,332.10","1,306.10"
2011/2/28,"1,327.20","1,321.60","1,329.40","1,320.50"
2011/2/25,"1,319.90","1,307.30","1,320.60","1,307.30"
2011/2/24,"1,306.10","1,307.10","1,310.90","1,294.30"
2011/2/23,"1,307.40","1,315.40","1,317.90","1,299.50"
2011/2/22,"1,315.40","1,338.90","1,338.90","1,312.30"
2011/2/18,"1,343.00","1,340.40","1,344.10","1,338.10"
2011/2/17,"1,340.40","1,334.40","1,341.50","1,331.00"
2011/2/16,"1,336.30","1,329.50","1,337.60","1,329.50"
2011/2/15,"1,328.00","1,330.40","1,330.40","1,324.60"
2011/2/14,"1,332.30","1,328.70","1,333.00","1,326.90"
2011/2/11,"1,329.20","1,318.70","1,330.80","1,316.10"
2011/2/10,"1,321.90","1,318.10","1,322.80","1,311.70"
2011/2/9,"1,320.90","1,322.50","1,324.50","1,314.90"
2011/2/8,"1,324.60","1,318.80","1,324.90","1,316.00"
2011/2/7,"1,319.00","1,311.80","1,322.80","1,311.80"
2011/2/4,"1,310.90","1,307.00","1,311.00","1,301.70"
2011/2/3,"1,307.10","1,302.80","1,308.60","1,294.80"
2011/2/2,"1,304.00","1,305.90","1,307.60","1,302.60"
2011/2/1,"1,307.60","1,289.10","1,308.90","1,289.10"
2011/1/31,"1,286.10","1,276.50","1,287.20","1,276.50"
2011/1/28,"1,276.30","1,299.60","1,302.70","1,275.10"
2011/1/27,"1,299.50","1,297.50","1,301.30","1,294.40"
2011/1/26,"1,296.60","1,292.00","1,299.70","1,292.00"
2011/1/25,"1,291.20","1,288.20","1,291.30","1,281.10"
2011/1/24,"1,290.80","1,283.30","1,291.90","1,282.50"
2011/1/21,"1,283.30","1,283.60","1,291.20","1,282.10"
2011/1/20,"1,280.30","1,280.80","1,283.30","1,271.30"
2011/1/19,"1,281.90","1,294.50","1,294.60","1,278.90"
2011/1/18,"1,295.00","1,293.20","1,296.10","1,290.20"
2011/1/14,"1,293.20","1,282.90","1,293.20","1,281.20"
2011/1/13,"1,283.80","1,285.80","1,286.70","1,280.50"
2011/1/12,"1,286.00","1,275.70","1,286.90","1,275.70"
2011/1/11,"1,274.50","1,272.60","1,277.20","1,269.60"
2011/1/10,"1,269.80","1,270.80","1,271.50","1,262.20"
2011/1/7,"1,271.50","1,274.40","1,276.80","1,261.70"
2011/1/6,"1,273.80","1,276.30","1,278.20","1,270.40"
2011/1/5,"1,276.60","1,268.80","1,277.60","1,265.40"
2011/1/4,"1,270.20","1,273.00","1,274.10","1,262.70"
2011/1/3,"1,271.90","1,257.60","1,276.20","1,257.60"
2010/12/31,"1,257.60","1,256.80","1,259.30","1,254.20"
2010/12/30,"1,257.90","1,259.40","1,261.10","1,256.30"
2010/12/29,"1,259.80","1,258.80","1,262.60","1,258.80"
2010/12/28,"1,258.50","1,259.10","1,259.90","1,256.20"
2010/12/27,"1,257.50","1,254.70","1,258.40","1,251.50"
2010/12/23,"1,256.80","1,257.50","1,258.60","1,254.00"
2010/12/22,"1,258.80","1,254.90","1,259.40","1,254.90"
2010/12/21,"1,254.60","1,249.40","1,255.80","1,249.40"
2010/12/20,"1,247.10","1,245.80","1,250.20","1,241.50"
2010/12/17,"1,243.90","1,243.60","1,245.80","1,239.90"
2010/12/16,"1,242.90","1,236.30","1,243.80","1,232.80"
2010/12/15,"1,235.20","1,241.60","1,244.20","1,234.00"
2010/12/14,"1,241.60","1,241.80","1,246.60","1,238.20"
2010/12/13,"1,240.50","1,242.50","1,246.70","1,240.30"
2010/12/10,"1,240.40","1,233.80","1,240.40","1,232.60"
2010/12/9,"1,233.00","1,230.10","1,234.70","1,226.80"
2010/12/8,"1,228.30","1,225.00","1,228.90","1,219.50"
2010/12/7,"1,223.80","1,227.20","1,235.00","1,223.20"
2010/12/6,"1,223.10","1,223.90","1,225.80","1,220.70"
2010/12/3,"1,224.70","1,219.90","1,225.60","1,216.80"
2010/12/2,"1,221.50","1,206.80","1,221.90","1,206.80"
2010/12/1,"1,206.10","1,186.60","1,207.60","1,186.60"
2010/11/30,"1,180.50","1,183.00","1,187.40","1,174.10"
2010/11/29,"1,187.80","1,189.10","1,190.30","1,173.60"
2010/11/26,"1,189.40","1,194.20","1,194.20","1,186.90"
2010/11/24,"1,198.30","1,183.70","1,198.60","1,183.70"
2010/11/23,"1,180.70","1,192.50","1,192.50","1,176.90"
2010/11/22,"1,197.80","1,198.10","1,198.90","1,184.60"
2010/11/19,"1,199.70","1,196.10","1,200.00","1,189.40"
2010/11/18,"1,196.70","1,183.80","1,200.30","1,183.80"
2010/11/17,"1,178.60","1,178.30","1,183.60","1,175.80"
2010/11/16,"1,178.30","1,194.80","1,194.80","1,173.00"
2010/11/15,"1,197.80","1,200.40","1,207.40","1,197.20"
2010/11/12,"1,199.20","1,209.10","1,210.50","1,194.10"
2010/11/11,"1,213.50","1,213.00","1,215.50","1,204.50"
2010/11/10,"1,218.70","1,213.10","1,218.80","1,204.30"
2010/11/9,"1,213.40","1,223.60","1,226.80","1,208.90"
2010/11/8,"1,223.20","1,223.20","1,224.60","1,217.50"
2010/11/5,"1,225.80","1,221.20","1,227.10","1,220.30"
2010/11/4,"1,221.10","1,198.30","1,221.20","1,198.30"
2010/11/3,"1,198.00","1,193.80","1,198.30","1,183.60"
2010/11/2,"1,193.60","1,187.90","1,195.90","1,187.90"
2010/11/1,"1,184.40","1,185.70","1,195.80","1,177.70"
2010/10/29,"1,183.30","1,183.90","1,185.50","1,179.70"
2010/10/28,"1,183.80","1,184.50","1,189.50","1,177.10"
2010/10/27,"1,182.50","1,183.80","1,183.80","1,171.70"
2010/10/26,"1,185.60","1,184.90","1,187.10","1,177.70"
2010/10/25,"1,185.60","1,184.70","1,196.10","1,184.70"
2010/10/22,"1,183.10","1,180.50","1,183.90","1,179.00"
2010/10/21,"1,180.30","1,179.80","1,189.40","1,171.20"
2010/10/20,"1,178.20","1,166.70","1,182.90","1,166.70"
2010/10/19,"1,165.90","1,178.60","1,178.60","1,159.70"
2010/10/18,"1,184.70","1,176.80","1,185.50","1,174.50"
2010/10/15,"1,176.20","1,177.50","1,181.20","1,167.10"
2010/10/14,"1,173.80","1,177.80","1,178.90","1,166.70"
2010/10/13,"1,178.10","1,171.30","1,184.40","1,171.30"
2010/10/12,"1,169.80","1,164.30","1,172.60","1,155.70"
2010/10/11,"1,165.30","1,165.30","1,168.70","1,162.00"
2010/10/8,"1,165.20","1,158.40","1,167.70","1,155.60"
2010/10/7,"1,158.10","1,161.60","1,163.90","1,151.40"
2010/10/6,"1,160.00","1,159.80","1,162.30","1,154.80"
2010/10/5,"1,160.80","1,140.70","1,162.80","1,140.70"
2010/10/4,"1,137.00","1,145.00","1,148.20","1,131.90"
2010/10/1,"1,146.20","1,143.50","1,150.30","1,139.40"
2010/9/30,"1,141.20","1,146.00","1,157.20","1,136.10"
2010/9/29,"1,144.70","1,146.80","1,148.60","1,140.30"
2010/9/28,"1,147.70","1,142.30","1,150.00","1,132.10"
2010/9/27,"1,142.20","1,148.60","1,149.90","1,142.00"
2010/9/24,"1,148.70","1,131.70","1,148.90","1,131.70"
2010/9/23,"1,124.80","1,131.10","1,136.80","1,122.80"
2010/9/22,"1,134.30","1,139.50","1,144.40","1,131.60"
2010/9/21,"1,139.80","1,142.80","1,148.60","1,136.20"
2010/9/20,"1,142.70","1,126.60","1,144.90","1,126.60"
2010/9/17,"1,125.60","1,126.40","1,131.50","1,122.40"
2010/9/16,"1,124.70","1,123.90","1,125.40","1,118.90"
2010/9/15,"1,125.10","1,119.40","1,126.50","1,114.60"
2010/9/14,"1,121.10","1,121.20","1,127.40","1,115.60"
2010/9/13,"1,121.90","1,113.40","1,123.90","1,113.40"
2010/9/10,"1,109.50","1,104.60","1,110.90","1,103.90"
2010/9/9,"1,104.20","1,101.20","1,110.30","1,101.20"
2010/9/8,"1,098.90","1,092.40","1,103.30","1,092.40"
2010/9/7,"1,091.80","1,102.60","1,102.60","1,091.20"
2010/9/3,"1,104.50","1,093.60","1,105.10","1,093.60"
2010/9/2,"1,090.10","1,080.70","1,090.10","1,080.40"
2010/9/1,"1,080.30","1,049.70","1,081.30","1,049.70"
2010/8/31,"1,049.30","1,046.90","1,055.10","1,040.90"
2010/8/30,"1,048.90","1,062.90","1,064.40","1,048.80"
2010/8/27,"1,064.60","1,049.30","1,065.20","1,039.70"
2010/8/26,"1,047.20","1,056.30","1,061.50","1,045.40"
2010/8/25,"1,055.30","1,049.00","1,059.40","1,039.80"
2010/8/24,"1,051.90","1,063.20","1,063.20","1,046.70"
2010/8/23,"1,067.40","1,073.40","1,081.60","1,067.10"
2010/8/20,"1,071.70","1,075.60","1,075.60","1,063.90"
2010/8/19,"1,075.60","1,092.40","1,092.40","1,070.70"
2010/8/18,"1,094.20","1,092.10","1,099.80","1,085.80"
2010/8/17,"1,092.50","1,081.20","1,100.10","1,081.20"
2010/8/16,"1,079.40","1,077.50","1,082.60","1,069.50"
2010/8/13,"1,079.20","1,082.20","1,086.20","1,079.00"
2010/8/12,"1,083.60","1,081.50","1,086.70","1,076.70"
2010/8/11,"1,089.50","1,116.90","1,116.90","1,088.50"
2010/8/10,"1,121.10","1,122.90","1,127.20","1,111.60"
2010/8/9,"1,127.80","1,122.80","1,129.20","1,120.90"
2010/8/6,"1,121.60","1,122.10","1,123.10","1,107.20"
2010/8/5,"1,125.80","1,125.80","1,126.60","1,118.80"
2010/8/4,"1,127.20","1,121.10","1,128.80","1,119.50"
2010/8/3,"1,120.50","1,125.30","1,125.40","1,116.80"
2010/8/2,"1,125.90","1,107.50","1,127.30","1,107.50"
2010/7/30,"1,101.60","1,098.40","1,106.40","1,088.00"
2010/7/29,"1,101.50","1,108.10","1,115.90","1,092.80"
2010/7/28,"1,106.10","1,112.80","1,114.70","1,103.10"
2010/7/27,"1,113.80","1,117.40","1,121.00","1,109.80"
2010/7/26,"1,115.00","1,102.90","1,115.00","1,101.30"
2010/7/23,"1,102.70","1,092.20","1,103.70","1,087.90"
2010/7/22,"1,093.70","1,072.10","1,097.50","1,072.10"
2010/7/21,"1,069.60","1,086.70","1,089.00","1,065.20"
2010/7/20,"1,083.50","1,064.50","1,083.90","1,056.90"
2010/7/19,"1,071.20","1,066.80","1,074.70","1,061.10"
2010/7/16,"1,064.90","1,093.80","1,093.80","1,063.30"
2010/7/15,"1,096.50","1,094.50","1,098.70","1,080.50"
2010/7/14,"1,095.20","1,095.60","1,099.10","1,087.70"
2010/7/13,"1,095.30","1,080.70","1,099.50","1,080.70"
2010/7/12,"1,078.80","1,077.20","1,080.80","1,070.50"
2010/7/9,"1,078.00","1,070.50","1,078.20","1,068.10"
2010/7/8,"1,070.20","1,062.90","1,071.20","1,058.20"
2010/7/7,"1,060.30","1,028.50","1,060.90","1,028.50"
2010/7/6,"1,028.10","1,028.10","1,042.50","1,018.40"
2010/7/2,"1,022.60","1,027.70","1,033.00","1,015.90"
2010/7/1,"1,027.40","1,031.10","1,033.60","1,010.90"
2010/6/30,"1,030.70","1,040.60","1,048.10","1,028.30"
2010/6/29,"1,041.20","1,071.10","1,071.10","1,035.20"
2010/6/28,"1,074.60","1,077.50","1,082.60","1,071.50"
2010/6/25,"1,076.80","1,075.10","1,083.60","1,067.90"
2010/6/24,"1,073.70","1,090.90","1,090.90","1,071.60"
2010/6/23,"1,092.00","1,095.60","1,099.60","1,085.30"
2010/6/22,"1,095.30","1,113.90","1,118.50","1,094.20"
2010/6/21,"1,113.20","1,122.80","1,131.20","1,108.20"
2010/6/18,"1,117.50","1,116.20","1,121.00","1,113.90"
2010/6/17,"1,116.00","1,116.00","1,117.70","1,105.90"
2010/6/16,"1,114.60","1,114.00","1,118.70","1,107.10"
2010/6/15,"1,115.20","1,091.20","1,115.60","1,091.20"
2010/6/14,"1,089.60","1,095.00","1,105.90","1,089.00"
2010/6/11,"1,091.60","1,082.70","1,092.20","1,077.10"
2010/6/10,"1,086.80","1,058.80","1,087.80","1,058.80"
2010/6/9,"1,055.70","1,062.80","1,077.70","1,052.20"
2010/6/8,"1,062.00","1,050.80","1,063.20","1,042.20"
2010/6/7,"1,050.50","1,065.80","1,071.40","1,049.90"
2010/6/4,"1,064.90","1,098.40","1,098.40","1,060.50"
2010/6/3,"1,102.80","1,098.80","1,105.70","1,091.80"
2010/6/2,"1,098.40","1,073.00","1,098.60","1,072.00"
2010/6/1,"1,070.70","1,087.30","1,094.80","1,069.90"
2010/5/28,"1,089.40","1,102.60","1,102.60","1,084.80"
2010/5/27,"1,103.10","1,074.30","1,103.50","1,074.30"
2010/5/26,"1,068.00","1,075.50","1,090.80","1,065.60"
2010/5/25,"1,074.00","1,067.40","1,074.80","1,040.80"
2010/5/24,"1,073.70","1,084.80","1,090.00","1,072.70"
2010/5/21,"1,087.70","1,067.30","1,090.20","1,055.90"
2010/5/20,"1,071.60","1,107.30","1,107.30","1,071.60"
2010/5/19,"1,115.00","1,119.60","1,124.30","1,100.70"
2010/5/18,"1,120.80","1,138.80","1,148.70","1,117.20"
2010/5/17,"1,136.90","1,136.50","1,141.90","1,115.00"
2010/5/14,"1,135.70","1,157.20","1,157.20","1,126.10"
2010/5/13,"1,157.40","1,170.00","1,173.60","1,156.10"
2010/5/12,"1,171.70","1,155.40","1,172.90","1,155.40"
2010/5/11,"1,155.80","1,156.40","1,170.50","1,147.70"
2010/5/10,"1,159.70","1,122.30","1,163.80","1,122.30"
2010/5/7,"1,110.90","1,127.00","1,135.10","1,094.20"
2010/5/6,"1,128.20","1,164.40","1,167.60","1,065.80"
2010/5/5,"1,165.90","1,169.20","1,176.00","1,158.20"
2010/5/4,"1,173.60","1,197.50","1,197.50","1,168.10"
2010/5/3,"1,202.30","1,188.60","1,205.10","1,188.60"
2010/4/30,"1,186.70","1,206.80","1,208.00","1,186.30"
2010/4/29,"1,206.80","1,193.30","1,209.40","1,193.30"
2010/4/28,"1,191.40","1,184.60","1,195.00","1,181.80"
2010/4/27,"1,183.70","1,209.90","1,211.40","1,181.60"
2010/4/26,"1,212.00","1,217.10","1,219.80","1,211.10"
2010/4/23,"1,217.30","1,207.90","1,217.30","1,205.10"
2010/4/22,"1,208.70","1,202.50","1,210.30","1,190.20"
2010/4/21,"1,205.90","1,207.20","1,211.00","1,198.80"
2010/4/20,"1,207.20","1,199.00","1,208.60","1,199.00"
2010/4/19,"1,197.50","1,192.10","1,197.90","1,183.70"
2010/4/16,"1,192.10","1,210.20","1,210.20","1,186.80"
2010/4/15,"1,211.70","1,210.80","1,213.90","1,208.50"
2010/4/14,"1,210.70","1,198.70","1,210.70","1,198.70"
2010/4/13,"1,197.30","1,195.90","1,199.00","1,188.80"
2010/4/12,"1,196.50","1,194.90","1,199.20","1,194.70"
2010/4/9,"1,194.40","1,187.50","1,194.70","1,187.20"
2010/4/8,"1,186.40","1,181.80","1,188.50","1,175.10"
2010/4/7,"1,182.50","1,188.20","1,189.60","1,177.20"
2010/4/6,"1,189.40","1,186.00","1,191.80","1,182.80"
2010/4/5,"1,187.40","1,178.70","1,187.70","1,178.70"
2010/4/1,"1,178.10","1,171.20","1,181.40","1,170.70"
2010/3/31,"1,169.40","1,171.80","1,174.60","1,165.80"
2010/3/30,"1,173.30","1,173.80","1,177.80","1,168.90"
2010/3/29,"1,173.20","1,167.70","1,174.80","1,167.70"
2010/3/26,"1,166.60","1,167.60","1,173.90","1,161.50"
2010/3/25,"1,165.70","1,170.00","1,180.70","1,165.10"
2010/3/24,"1,167.70","1,172.70","1,173.00","1,166.00"
2010/3/23,"1,174.20","1,166.50","1,174.70","1,163.80"
2010/3/22,"1,165.80","1,157.20","1,167.80","1,152.90"
2010/3/19,"1,159.90","1,166.70","1,169.20","1,155.30"
2010/3/18,"1,165.80","1,166.10","1,167.80","1,161.20"
2010/3/17,"1,166.20","1,159.90","1,169.80","1,159.90"
2010/3/16,"1,159.50","1,150.80","1,160.30","1,150.30"
2010/3/15,"1,150.50","1,148.50","1,151.00","1,141.50"
2010/3/12,"1,150.00","1,151.70","1,153.40","1,147.00"
2010/3/11,"1,150.20","1,144.00","1,150.20","1,139.00"
2010/3/10,"1,145.60","1,140.20","1,148.30","1,140.10"
2010/3/9,"1,140.50","1,137.60","1,145.40","1,134.90"
2010/3/8,"1,138.50","1,138.40","1,141.00","1,136.80"
2010/3/5,"1,138.70","1,125.10","1,139.40","1,125.10"
2010/3/4,"1,123.00","1,119.10","1,123.70","1,116.70"
2010/3/3,"1,118.80","1,119.40","1,125.60","1,116.60"
2010/3/2,"1,118.30","1,117.00","1,123.50","1,116.50"
2010/3/1,"1,115.70","1,105.40","1,116.10","1,105.40"
2010/2/26,"1,104.50","1,103.10","1,107.20","1,097.60"
2010/2/25,"1,102.90","1,101.20","1,103.50","1,086.00"
2010/2/24,"1,105.20","1,095.90","1,106.40","1,095.50"
2010/2/23,"1,094.60","1,107.50","1,108.60","1,092.20"
2010/2/22,"1,108.00","1,110.00","1,112.30","1,105.40"
2010/2/19,"1,109.20","1,105.50","1,112.40","1,100.80"
2010/2/18,"1,106.80","1,099.00","1,108.20","1,097.50"
2010/2/17,"1,099.50","1,096.10","1,101.00","1,094.70"
2010/2/16,"1,094.90","1,079.10","1,095.70","1,079.10"
2010/2/12,"1,075.50","1,076.00","1,077.80","1,063.00"
2010/2/11,"1,078.50","1,067.10","1,080.00","1,060.60"
2010/2/10,"1,068.10","1,069.70","1,073.70","1,059.30"
2010/2/9,"1,070.50","1,060.10","1,079.30","1,060.10"
2010/2/8,"1,056.70","1,065.50","1,071.20","1,056.50"
2010/2/5,"1,066.20","1,064.10","1,067.10","1,044.50"
2010/2/4,"1,063.10","1,097.20","1,097.20","1,062.80"
2010/2/3,"1,097.30","1,100.70","1,102.70","1,094.00"
2010/2/2,"1,103.30","1,090.00","1,104.70","1,088.00"
2010/2/1,"1,089.20","1,073.90","1,089.40","1,073.90"
2010/1/29,"1,073.90","1,087.60","1,096.50","1,071.60"
2010/1/28,"1,084.50","1,096.90","1,100.20","1,078.50"
2010/1/27,"1,097.50","1,091.90","1,099.50","1,083.10"
2010/1/26,"1,092.20","1,095.80","1,103.70","1,089.90"
2010/1/25,"1,096.80","1,092.40","1,103.00","1,092.40"
2010/1/22,"1,091.80","1,115.50","1,115.50","1,090.20"
2010/1/21,"1,116.50","1,138.70","1,141.60","1,114.80"
2010/1/20,"1,138.00","1,148.00","1,148.00","1,129.20"
2010/1/19,"1,150.20","1,136.00","1,150.50","1,135.80"
2010/1/15,"1,136.00","1,147.70","1,147.80","1,131.40"
2010/1/14,"1,148.50","1,145.70","1,150.40","1,143.80"
2010/1/13,"1,145.70","1,137.30","1,148.40","1,133.20"
2010/1/12,"1,136.20","1,143.80","1,143.80","1,131.80"
2010/1/11,"1,147.00","1,146.00","1,149.70","1,142.00"
2010/1/8,"1,145.00","1,140.50","1,145.40","1,136.20"
2010/1/7,"1,141.70","1,136.30","1,142.50","1,131.30"
2010/1/6,"1,137.10","1,135.70","1,139.20","1,134.00"
2010/1/5,"1,136.50","1,132.70","1,136.60","1,129.70"
2010/1/4,"1,133.00","1,116.60","1,133.90","1,116.60"
2009/12/31,"1,115.10","1,126.60","1,127.60","1,114.80"
2009/12/30,"1,126.40","1,125.50","1,126.40","1,121.90"
2009/12/29,"1,126.20","1,128.50","1,130.40","1,126.10"
2009/12/28,"1,127.80","1,127.50","1,130.40","1,123.50"
2009/12/24,"1,126.50","1,121.10","1,126.50","1,121.10"
2009/12/23,"1,120.60","1,118.80","1,121.60","1,116.00"
2009/12/22,"1,118.00","1,114.50","1,120.30","1,114.50"
2009/12/21,"1,114.00","1,105.30","1,117.70","1,105.30"
2009/12/18,"1,102.50","1,097.90","1,103.70","1,093.90"
2009/12/17,"1,096.10","1,106.40","1,106.40","1,095.90"
2009/12/16,"1,109.20","1,108.60","1,116.20","1,108.00"
2009/12/15,"1,107.90","1,114.10","1,114.10","1,105.30"
2009/12/14,"1,114.10","1,107.80","1,114.80","1,107.80"
2009/12/11,"1,106.40","1,104.00","1,108.50","1,101.30"
2009/12/10,"1,102.30","1,098.70","1,106.20","1,098.70"
2009/12/9,"1,096.00","1,091.10","1,097.00","1,085.90"
2009/12/8,"1,091.90","1,103.00","1,103.00","1,088.60"
2009/12/7,"1,103.20","1,105.50","1,110.70","1,100.80"
2009/12/4,"1,106.00","1,100.40","1,119.10","1,096.50"
2009/12/3,"1,099.90","1,110.60","1,117.30","1,098.70"
2009/12/2,"1,109.20","1,109.00","1,115.60","1,105.30"
2009/12/1,"1,108.90","1,098.90","1,112.30","1,098.90"
2009/11/30,"1,095.60","1,091.10","1,097.20","1,086.20"
2009/11/27,"1,091.50","1,105.50","1,105.50","1,083.70"
2009/11/25,"1,110.60","1,106.50","1,111.20","1,104.80"
2009/11/24,"1,105.70","1,105.80","1,107.60","1,097.60"
2009/11/23,"1,106.20","1,094.90","1,112.40","1,094.90"
2009/11/20,"1,091.40","1,094.70","1,094.70","1,086.80"
2009/11/19,"1,094.90","1,106.40","1,106.40","1,088.40"
2009/11/18,"1,109.80","1,109.40","1,111.10","1,102.70"
2009/11/17,"1,110.30","1,109.20","1,110.50","1,102.20"
2009/11/16,"1,109.30","1,094.10","1,113.70","1,094.10"
2009/11/13,"1,093.50","1,087.60","1,097.80","1,085.30"
2009/11/12,"1,087.20","1,098.30","1,102.00","1,084.90"
2009/11/11,"1,098.50","1,096.00","1,105.40","1,093.80"
2009/11/10,"1,093.00","1,091.90","1,096.40","1,087.40"
2009/11/9,"1,093.10","1,072.30","1,093.20","1,072.30"
2009/11/6,"1,069.30","1,065.00","1,071.50","1,059.30"
2009/11/5,"1,066.60","1,047.30","1,066.70","1,047.30"
2009/11/4,"1,046.50","1,047.10","1,061.00","1,045.20"
2009/11/3,"1,045.40","1,040.90","1,046.40","1,033.90"
2009/11/2,"1,042.90","1,036.20","1,052.20","1,029.40"
2009/10/30,"1,036.20","1,065.40","1,065.40","1,033.40"
2009/10/29,"1,066.10","1,043.70","1,066.80","1,043.70"
2009/10/28,"1,042.60","1,061.50","1,063.30","1,042.20"
2009/10/27,"1,063.40","1,067.50","1,072.50","1,060.60"
2009/10/26,"1,067.00","1,080.40","1,091.80","1,065.20"
2009/10/23,"1,079.60","1,095.60","1,095.80","1,075.50"
2009/10/22,"1,092.90","1,081.00","1,095.20","1,074.30"
2009/10/21,"1,081.40","1,090.40","1,101.40","1,080.80"
2009/10/20,"1,091.10","1,098.60","1,098.60","1,086.20"
2009/10/19,"1,097.90","1,088.20","1,100.20","1,086.50"
2009/10/16,"1,087.70","1,094.70","1,094.70","1,081.50"
2009/10/15,"1,096.60","1,090.40","1,096.60","1,086.40"
2009/10/14,"1,092.00","1,078.70","1,093.20","1,078.70"
2009/10/13,"1,073.20","1,075.00","1,075.30","1,066.70"
2009/10/12,"1,076.20","1,071.60","1,079.50","1,071.60"
2009/10/9,"1,071.50","1,065.30","1,071.50","1,063.00"
2009/10/8,"1,065.50","1,060.00","1,070.70","1,060.00"
2009/10/7,"1,057.60","1,053.70","1,058.00","1,050.10"
2009/10/6,"1,054.70","1,042.00","1,060.50","1,042.00"
2009/10/5,"1,040.50","1,026.90","1,042.60","1,025.90"
2009/10/2,"1,025.20","1,029.70","1,030.60","1,020.00"
2009/10/1,"1,029.80","1,054.90","1,054.90","1,029.50"
2009/9/30,"1,057.10","1,061.00","1,063.40","1,046.50"
2009/9/29,"1,060.60","1,063.70","1,069.60","1,057.80"
2009/9/28,"1,063.00","1,045.40","1,065.10","1,045.40"
2009/9/25,"1,044.40","1,049.50","1,053.50","1,041.20"
2009/9/24,"1,050.80","1,062.60","1,066.30","1,045.80"
2009/9/23,"1,060.90","1,072.70","1,080.20","1,060.40"
2009/9/22,"1,071.70","1,066.30","1,073.80","1,066.30"
2009/9/21,"1,064.70","1,067.10","1,067.30","1,057.50"
2009/9/18,"1,068.30","1,066.60","1,071.50","1,064.30"
2009/9/17,"1,065.50","1,067.90","1,074.80","1,061.20"
2009/9/16,"1,068.80","1,054.00","1,068.80","1,052.90"
2009/9/15,"1,052.60","1,049.00","1,056.00","1,043.40"
2009/9/14,"1,049.30","1,040.20","1,049.70","1,035.00"
2009/9/11,"1,042.70","1,043.90","1,048.20","1,038.40"
2009/9/10,"1,044.10","1,033.00","1,044.10","1,028.00"
2009/9/9,"1,033.40","1,025.40","1,036.30","1,024.00"
2009/9/8,"1,025.40","1,018.70","1,026.10","1,018.70"
2009/9/4,"1,016.40","1,003.80","1,016.50","1,001.60"
2009/9/3,"1,003.20",996.1,"1,003.40",992.2
2009/9/2,994.8,996.1,"1,000.30",992
2009/9/1,998,"1,019.50","1,028.50",996.3
2009/8/31,"1,020.60","1,025.20","1,025.20","1,014.60"
2009/8/28,"1,028.90","1,031.60","1,039.50","1,023.10"
2009/8/27,"1,031.00","1,027.80","1,033.30","1,016.20"
2009/8/26,"1,028.10","1,027.30","1,032.50","1,021.60"
2009/8/25,"1,028.00","1,026.60","1,037.80","1,026.20"
2009/8/24,"1,025.60","1,026.60","1,035.80","1,022.50"
2009/8/21,"1,026.10","1,009.10","1,027.60","1,009.10"
2009/8/20,"1,007.40",996.4,"1,008.90",996.4
2009/8/19,996.5,986.9,999.6,980.6
2009/8/18,989.7,980.6,991.2,980.6
2009/8/17,979.7,998.2,998.2,978.5
2009/8/14,"1,004.10","1,012.20","1,012.60",994.6
2009/8/13,"1,012.70","1,005.90","1,013.10","1,000.80"
2009/8/12,"1,005.80",994,"1,012.80",993.4
2009/8/11,994.4,"1,005.80","1,005.80",992.4
2009/8/10,"1,007.10","1,008.90","1,010.10","1,001.00"
2009/8/7,"1,010.50",999.8,"1,018.00",999.8
2009/8/6,997.1,"1,004.10","1,008.00",992.5
2009/8/5,"1,002.70","1,005.40","1,006.60",994.3
2009/8/4,"1,005.60","1,001.40","1,007.10",996.7
2009/8/3,"1,002.60",990.2,"1,003.60",990.2
2009/7/31,987.5,986.8,993.2,982.9
2009/7/30,986.8,976,996.7,976
2009/7/29,975.1,977.7,977.8,968.6
2009/7/28,979.6,981.5,982.4,969.4
2009/7/27,982.2,978.6,982.5,972.3
2009/7/24,979.3,972.2,979.8,966
2009/7/23,976.3,954.1,979.4,953.3
2009/7/22,954.1,953.4,959.8,947.8
2009/7/21,954.6,952,956.5,943.2
2009/7/20,951.1,942.1,951.6,941
2009/7/17,940.4,940.6,941.9,934.6
2009/7/16,940.7,930.2,944,927.5
2009/7/15,932.7,910.1,934,910.1
2009/7/14,905.8,900.8,905.8,896.5
2009/7/13,901,879.6,901,875.3
2009/7/10,879.1,880,883.6,872.8
2009/7/9,882.7,881.3,887.9,878.5
2009/7/8,879.6,881.9,886.8,869.3
2009/7/7,881,898.6,898.6,879.9
2009/7/6,898.7,894.3,898.7,886.4
2009/7/2,896.4,921.2,921.2,896.4
2009/7/1,923.3,920.8,931.9,920.8
2009/6/30,919.3,927.1,930,912.9
2009/6/29,927.2,919.9,928,916.2
2009/6/26,918.9,918.8,922,913
2009/6/25,920.3,899.5,921.4,896.3
2009/6/24,900.9,896.3,910.9,896.3
2009/6/23,895.1,893.5,898.7,888.9
2009/6/22,893,918.1,918.1,893
2009/6/19,921.2,920,927.1,915.8
2009/6/18,918.4,910.9,921.9,907.9
2009/6/17,910.7,911.9,918.4,903.8
2009/6/16,912,925.6,928,911.6
2009/6/15,923.7,942.5,942.5,919.6
2009/6/12,946.2,943.4,946.3,935.7
2009/6/11,944.9,939,956.2,939
2009/6/10,939.1,942.7,949.8,928
2009/6/9,942.4,940.4,946.9,936.1
2009/6/8,939.1,938.1,946.3,926.4
2009/6/5,940.1,945.7,951.7,934.1
2009/6/4,942.5,932.5,942.5,929.3
2009/6/3,931.8,942.5,942.5,923.9
2009/6/2,944.7,942.9,949.4,938.5
2009/6/1,942.9,923.3,947.8,923.3
2009/5/29,919.1,907,920,903.6
2009/5/28,906.8,893,909.5,887.6
2009/5/27,893.1,910,913.8,891.9
2009/5/26,910.3,887,911.8,881.5
2009/5/22,887,888.7,896.6,883.8
2009/5/21,888.3,900.4,900.4,879.6
2009/5/20,903.5,908.6,924.6,901.4
2009/5/19,908.1,909.7,916.4,905.2
2009/5/18,909.7,886.1,910,886.1
2009/5/15,882.9,892.8,897,878.9
2009/5/14,893.1,884.2,898.4,882.5
2009/5/13,883.9,905.4,905.4,882.8
2009/5/12,908.4,910.5,915.6,896.5
2009/5/11,909.2,923,923,908.7
2009/5/8,929.2,909,930.2,909
2009/5/7,907.4,919.6,929.6,901.4
2009/5/6,919.5,904,920.3,904
2009/5/5,903.8,906.1,907.7,897.3
2009/5/4,907.2,879.2,907.9,879.2
2009/5/1,877.5,872.7,880.5,866.1
2009/4/30,872.8,876.6,888.7,868.5
2009/4/29,873.6,856.9,882.1,856.9
2009/4/28,855.2,854.5,864.5,847.1
2009/4/27,857.5,862.8,868.8,854.6
2009/4/24,866.2,853.9,871.8,853.9
2009/4/23,851.9,844.6,852.9,835.5
2009/4/22,843.5,847.3,861.8,840.6
2009/4/21,850.1,831.2,850.1,826.8
2009/4/20,832.4,868.3,868.3,832.4
2009/4/17,869.6,865.2,875.6,860.9
2009/4/16,865.3,854.5,870.4,847
2009/4/15,852.1,839.4,852.9,835.6
2009/4/14,841.5,856.9,856.9,840.2
2009/4/13,858.7,855.3,864.3,845.4
2009/4/9,856.6,829.3,856.9,829.3
2009/4/8,825.2,816.8,828.4,814.8
2009/4/7,815.5,834.1,834.1,814.5
2009/4/6,835.5,839.8,839.8,822.8
2009/4/3,842.5,835.1,842.5,826.7
2009/4/2,834.4,814.5,845.6,814.5
2009/4/1,811.1,793.6,813.6,783.3
2009/3/31,797.9,790.9,810.5,790.9
2009/3/30,787.5,809.1,809.1,779.8
2009/3/27,815.9,828.7,828.7,813.4
2009/3/26,832.9,814.1,833,814.1
2009/3/25,813.9,806.8,826.8,791.4
2009/3/24,806.1,820.6,823.6,805.5
2009/3/23,822.9,772.3,823.4,772.3
2009/3/20,768.5,784.6,788.9,766.2
2009/3/19,784,797.9,803.2,781.8
2009/3/18,794.4,776,803,765.6
2009/3/17,778.1,753.9,778.1,749.9
2009/3/16,753.9,758.8,774.5,753.4
2009/3/13,756.5,752,758.3,742.5
2009/3/12,750.7,720.9,752.6,714.8
2009/3/11,721.4,719.6,731.9,713.9
2009/3/10,719.6,679.3,719.6,679.3
2009/3/9,676.5,680.8,695.3,672.9
2009/3/6,683.4,684,699.1,666.8
2009/3/5,682.5,708.3,708.3,677.9
2009/3/4,712.9,698.6,724.1,698.6
2009/3/3,696.3,704.4,711.7,692.3
2009/3/2,700.8,729.6,729.6,699.7
2009/2/27,735.1,749.9,751.3,734.5
2009/2/26,752.8,765.8,779.4,751.8
2009/2/25,764.9,770.6,780.1,752.9
2009/2/24,773.1,744.7,775.5,744.7
2009/2/23,743.3,773.2,777.9,742.4
2009/2/20,770,775.9,778.7,754.2
2009/2/19,778.9,787.9,797.6,777
2009/2/18,788.4,791.1,796.2,780.4
2009/2/17,789.2,818.6,818.6,789.2
2009/2/13,826.8,834,839.4,825.2
2009/2/12,835.2,829.9,835.5,808.1
2009/2/11,833.7,827.4,838.2,822.3
2009/2/10,827.2,866.9,868,823
2009/2/9,869.9,868.2,875,861.6
2009/2/6,868.6,846.1,870.8,845.4
2009/2/5,845.9,831.8,850.5,819.9
2009/2/4,832.2,837.8,851.9,829.2
2009/2/3,838.5,825.7,842.6,822
2009/2/2,825.4,823.1,830.8,812.9
2009/1/30,825.9,845.7,851.7,821.7
2009/1/29,845.1,868.9,868.9,844.1
2009/1/28,874.1,845.7,877.9,845.7
2009/1/27,845.7,837.3,850.5,835.4
2009/1/26,836.6,832.5,852.5,827.7
2009/1/23,832,822.2,838.6,806.1
2009/1/22,827.5,839.7,839.7,811.3
2009/1/21,840.2,806.8,841.7,804.3
2009/1/20,805.2,849.6,849.6,804.5
2009/1/16,850.1,844.5,858.1,830.7
2009/1/15,843.7,842,851.6,817
2009/1/14,842.6,867.3,867.3,836.9
2009/1/13,871.8,869.8,877,862
2009/1/12,870.3,890.4,890.4,864.3
2009/1/9,890.4,909.9,911.9,888.3
2009/1/8,909.7,905.7,910,896.8
2009/1/7,906.6,927.5,927.5,902.4
2009/1/6,934.7,931.2,943.9,927.3
2009/1/5,927.5,929.2,936.6,919.5
2009/1/2,931.8,903,934.7,899.4
2008/12/31,903.2,890.6,910.3,889.7
2008/12/30,890.6,870.6,891.1,870.6
2008/12/29,869.4,872.4,873.7,857.1
2008/12/26,872.8,869.5,873.7,866.5
2008/12/24,868.1,863.9,869.8,861.4
2008/12/23,863.2,874.3,880.4,860.1
2008/12/22,871.6,887.2,887.4,857.1
2008/12/19,887.9,887,905.5,883
2008/12/18,885.3,906,911,877.4
2008/12/17,904.4,908.2,918.9,895.9
2008/12/16,913.2,871.5,914.7,871.5
2008/12/15,868.6,881.1,884.6,857.7
2008/12/12,879.7,871.8,883.2,851.4
2008/12/11,873.6,898.4,904.6,868.7
2008/12/10,899.2,892.2,908.3,885.5
2008/12/9,888.7,906.5,916.3,885.4
2008/12/8,909.7,882.7,918.6,882.7
2008/12/5,876.1,844.4,879.4,818.4
2008/12/4,845.2,869.8,875.6,833.6
2008/12/3,870.7,843.6,873.1,827.6
2008/12/2,848.8,817.9,850.5,817.9
2008/12/1,816.2,888.6,888.6,815.7
2008/11/28,896.2,886.9,896.2,881.2
2008/11/26,887.7,852.9,887.7,841.4
2008/11/25,857.4,853.4,868.9,835
2008/11/24,851.8,801.2,865.6,801.2
2008/11/21,800,755.8,801.2,741
2008/11/20,752.4,805.9,820.5,747.8
2008/11/19,806.6,859,864.6,806.2
2008/11/18,859.1,852.3,865.9,826.8
2008/11/17,850.8,873.2,882.3,849
2008/11/14,873.3,904.4,916.9,869.9
2008/11/13,911.3,853.1,913,818.7
2008/11/12,852.3,893.4,893.4,850.5
2008/11/11,899,917.1,917.1,884.9
2008/11/10,919.2,936.8,952,907.5
2008/11/7,931,907.4,931.5,906.9
2008/11/6,904.9,952.4,952.4,899.7
2008/11/5,952.8,"1,001.80","1,001.80",949.9
2008/11/4,"1,005.80",971.3,"1,007.50",971.3
2008/11/3,966.3,968.7,975.6,958.8
2008/10/31,968.8,953.1,984.4,944.6
2008/10/30,954.1,939.4,963.2,928.5
2008/10/29,930.1,939.5,970,922.3
2008/10/28,940.5,848.9,940.5,845.3
2008/10/27,848.9,874.3,893.8,846.8
2008/10/24,876.8,895.2,896.3,852.9
2008/10/23,908.1,899.1,922.8,858.4
2008/10/22,896.8,951.7,951.7,875.8
2008/10/21,955,980.4,985.4,952.5
2008/10/20,985.4,943.5,985.4,943.5
2008/10/17,940.5,942.3,984.6,918.7
2008/10/16,946.4,909.5,947.7,865.8
2008/10/15,907.8,994.6,994.6,904
2008/10/14,998,"1,010.00","1,044.30",972.1
2008/10/13,"1,003.40",912.8,"1,006.90",912.8
2008/10/10,899.2,902.3,936.4,839.8
2008/10/9,909.9,988.4,"1,005.20",909.2
2008/10/8,984.9,988.9,"1,021.10",971
2008/10/7,996.2,"1,057.60","1,072.90",996.2
2008/10/6,"1,056.90","1,097.60","1,097.60","1,008.00"
2008/10/3,"1,099.20","1,115.20","1,153.80","1,098.10"
2008/10/2,"1,114.30","1,160.60","1,160.60","1,111.40"
2008/10/1,"1,161.10","1,164.20","1,167.00","1,140.80"
2008/9/30,"1,166.40","1,113.80","1,168.00","1,113.80"
2008/9/29,"1,106.40","1,209.10","1,209.10","1,106.40"
2008/9/26,"1,213.00","1,204.50","1,215.80","1,187.50"
2008/9/25,"1,209.20","1,187.90","1,220.00","1,187.90"
2008/9/24,"1,185.90","1,188.80","1,197.40","1,179.80"
2008/9/23,"1,188.20","1,207.60","1,221.20","1,187.10"
2008/9/22,"1,207.10","1,255.40","1,255.40","1,205.60"
2008/9/19,"1,255.10","1,213.10","1,265.10","1,213.10"
2008/9/18,"1,206.50","1,157.10","1,211.10","1,133.50"
2008/9/17,"1,156.40","1,210.30","1,210.30","1,155.90"
2008/9/16,"1,213.60","1,188.30","1,214.80","1,169.30"
2008/9/15,"1,192.70","1,250.90","1,250.90","1,192.70"
2008/9/12,"1,251.70","1,245.90","1,255.10","1,233.80"
2008/9/11,"1,249.00","1,229.00","1,250.00","1,211.50"
2008/9/10,"1,232.00","1,227.50","1,243.90","1,221.60"
2008/9/9,"1,224.50","1,268.00","1,268.70","1,224.50"
2008/9/8,"1,267.80","1,249.50","1,274.40","1,247.10"
2008/9/5,"1,242.30","1,233.20","1,244.90","1,217.20"
2008/9/4,"1,236.80","1,271.80","1,271.80","1,232.80"
2008/9/3,"1,275.00","1,276.60","1,280.60","1,265.60"
2008/9/2,"1,277.60","1,287.80","1,303.00","1,272.20"
2008/8/29,"1,282.80","1,296.50","1,297.60","1,282.70"
2008/8/28,"1,300.70","1,283.80","1,300.70","1,283.80"
2008/8/27,"1,281.70","1,271.30","1,285.00","1,270.00"
2008/8/26,"1,271.50","1,267.00","1,275.70","1,263.20"
2008/8/25,"1,266.80","1,290.50","1,290.50","1,264.90"
2008/8/22,"1,292.20","1,277.60","1,293.10","1,277.60"
2008/8/21,"1,277.70","1,271.10","1,281.40","1,265.20"
2008/8/20,"1,274.50","1,267.30","1,276.00","1,261.20"
2008/8/19,"1,266.70","1,276.70","1,276.70","1,263.10"
2008/8/18,"1,278.60","1,298.10","1,300.20","1,274.50"
2008/8/15,"1,298.20","1,293.80","1,302.00","1,290.70"
2008/8/14,"1,292.90","1,282.10","1,300.10","1,276.80"
2008/8/13,"1,285.80","1,288.60","1,294.00","1,274.90"
2008/8/12,"1,289.60","1,304.80","1,304.80","1,285.60"
2008/8/11,"1,305.30","1,294.40","1,313.20","1,291.40"
2008/8/8,"1,296.30","1,266.30","1,297.80","1,262.10"
2008/8/7,"1,266.10","1,286.50","1,286.50","1,264.30"
2008/8/6,"1,289.20","1,284.00","1,291.70","1,276.00"
2008/8/5,"1,284.90","1,254.90","1,284.90","1,254.70"
2008/8/4,"1,249.00","1,260.20","1,260.50","1,247.50"
2008/8/1,"1,260.30","1,269.40","1,270.50","1,254.50"
2008/7/31,"1,267.40","1,281.40","1,284.90","1,266.00"
2008/7/30,"1,284.30","1,264.50","1,284.30","1,264.50"
2008/7/29,"1,263.20","1,236.40","1,263.20","1,236.40"
2008/7/28,"1,234.40","1,257.80","1,260.10","1,234.40"
2008/7/25,"1,257.80","1,253.50","1,263.20","1,251.80"
2008/7/24,"1,252.50","1,283.20","1,283.20","1,251.50"
2008/7/23,"1,282.20","1,278.90","1,291.20","1,276.10"
2008/7/22,"1,277.00","1,257.10","1,277.40","1,248.80"
2008/7/21,"1,260.00","1,261.80","1,267.70","1,255.70"
2008/7/18,"1,260.70","1,258.20","1,262.20","1,251.80"
2008/7/17,"1,260.30","1,246.30","1,262.30","1,241.50"
2008/7/16,"1,245.40","1,214.70","1,245.50","1,211.40"
2008/7/15,"1,214.90","1,226.80","1,234.30","1,200.40"
2008/7/14,"1,228.30","1,241.60","1,253.50","1,225.00"
2008/7/11,"1,239.50","1,248.70","1,257.30","1,225.30"
2008/7/10,"1,253.40","1,245.20","1,257.70","1,236.80"
2008/7/9,"1,244.70","1,273.40","1,277.40","1,244.60"
2008/7/8,"1,273.70","1,251.80","1,274.20","1,242.80"
2008/7/7,"1,252.30","1,262.90","1,274.00","1,240.70"
2008/7/3,"1,262.90","1,263.00","1,271.50","1,252.00"
2008/7/2,"1,261.50","1,285.80","1,292.20","1,261.50"
2008/7/1,"1,284.90","1,276.70","1,285.30","1,260.70"
2008/6/30,"1,280.00","1,278.10","1,290.30","1,274.90"
2008/6/27,"1,278.40","1,283.60","1,289.50","1,272.00"
2008/6/26,"1,283.20","1,316.30","1,316.30","1,283.20"
2008/6/25,"1,322.00","1,314.50","1,335.60","1,314.50"
2008/6/24,"1,314.30","1,317.20","1,326.00","1,304.40"
2008/6/23,"1,318.00","1,319.80","1,323.80","1,315.30"
2008/6/20,"1,317.90","1,341.00","1,341.00","1,314.50"
2008/6/19,"1,342.80","1,336.90","1,347.70","1,330.50"
2008/6/18,"1,337.80","1,349.60","1,349.60","1,333.40"
2008/6/17,"1,350.90","1,360.70","1,366.60","1,350.50"
2008/6/16,"1,360.10","1,358.80","1,364.70","1,352.10"
2008/6/13,"1,360.00","1,341.80","1,360.00","1,341.70"
2008/6/12,"1,339.90","1,335.80","1,353.00","1,331.30"
2008/6/11,"1,335.50","1,357.10","1,357.10","1,335.50"
2008/6/10,"1,358.40","1,359.00","1,366.80","1,351.60"
2008/6/9,"1,361.80","1,360.80","1,370.60","1,350.60"
2008/6/6,"1,360.70","1,400.10","1,400.10","1,359.90"
2008/6/5,"1,404.00","1,377.50","1,404.00","1,377.50"
2008/6/4,"1,377.20","1,376.30","1,388.20","1,371.70"
2008/6/3,"1,377.70","1,386.40","1,393.10","1,370.10"
2008/6/2,"1,385.70","1,399.60","1,399.60","1,377.80"
2008/5/30,"1,400.40","1,398.40","1,404.50","1,398.10"
2008/5/29,"1,398.30","1,390.50","1,406.30","1,388.60"
2008/5/28,"1,390.80","1,386.50","1,391.20","1,378.20"
2008/5/27,"1,385.30","1,376.00","1,387.40","1,373.10"
2008/5/23,"1,375.90","1,392.20","1,392.20","1,373.70"
2008/5/22,"1,394.30","1,390.80","1,399.10","1,390.20"
2008/5/21,"1,390.70","1,414.10","1,419.10","1,388.80"
2008/5/20,"1,413.40","1,424.50","1,424.50","1,409.10"
2008/5/19,"1,426.60","1,425.30","1,440.20","1,421.60"
2008/5/16,"1,425.30","1,423.90","1,425.80","1,414.30"
2008/5/15,"1,423.60","1,408.40","1,424.40","1,406.90"
2008/5/14,"1,408.70","1,405.70","1,420.20","1,405.70"
2008/5/13,"1,403.00","1,404.40","1,406.30","1,396.30"
2008/5/12,"1,403.60","1,389.40","1,404.10","1,386.20"
2008/5/9,"1,388.30","1,394.90","1,394.90","1,384.10"
2008/5/8,"1,397.70","1,394.30","1,402.30","1,389.40"
2008/5/7,"1,392.60","1,417.50","1,419.50","1,391.20"
2008/5/6,"1,418.30","1,405.60","1,421.60","1,397.10"
2008/5/5,"1,407.50","1,412.80","1,415.70","1,404.40"
2008/5/2,"1,413.90","1,409.20","1,422.70","1,406.20"
2008/5/1,"1,409.30","1,386.00","1,410.10","1,383.10"
2008/4/30,"1,385.60","1,391.20","1,404.60","1,384.20"
2008/4/29,"1,390.90","1,395.60","1,397.00","1,386.70"
2008/4/28,"1,396.40","1,398.00","1,402.90","1,394.40"
2008/4/25,"1,397.80","1,387.90","1,399.10","1,380.00"
2008/4/24,"1,388.80","1,380.50","1,397.70","1,371.10"
2008/4/23,"1,379.90","1,378.40","1,387.90","1,372.20"
2008/4/22,"1,375.90","1,386.40","1,386.40","1,369.80"
2008/4/21,"1,388.20","1,387.70","1,390.20","1,379.20"
2008/4/18,"1,390.30","1,369.00","1,395.90","1,369.00"
2008/4/17,"1,365.60","1,363.40","1,368.60","1,357.20"
2008/4/16,"1,364.70","1,337.00","1,365.50","1,337.00"
2008/4/15,"1,334.40","1,331.70","1,337.70","1,324.30"
2008/4/14,"1,328.30","1,332.20","1,335.60","1,326.20"
2008/4/11,"1,332.80","1,358.00","1,358.00","1,331.20"
2008/4/10,"1,360.50","1,355.40","1,367.20","1,350.10"
2008/4/9,"1,354.50","1,365.50","1,368.40","1,350.00"
2008/4/8,"1,365.50","1,370.20","1,370.20","1,360.60"
2008/4/7,"1,372.50","1,373.70","1,386.70","1,369.00"
2008/4/4,"1,370.40","1,369.80","1,380.90","1,362.80"
2008/4/3,"1,369.30","1,365.70","1,375.70","1,358.70"
2008/4/2,"1,367.50","1,370.00","1,378.00","1,361.50"
2008/4/1,"1,370.20","1,326.40","1,370.20","1,326.40"
2008/3/31,"1,322.70","1,315.90","1,328.50","1,312.80"
2008/3/28,"1,315.20","1,327.00","1,334.90","1,313.00"
2008/3/27,"1,325.80","1,340.30","1,345.60","1,325.70"
2008/3/26,"1,341.10","1,352.50","1,352.50","1,336.40"
2008/3/25,"1,353.00","1,349.10","1,357.50","1,341.20"
2008/3/24,"1,349.90","1,330.30","1,359.70","1,330.30"
2008/3/20,"1,329.50","1,299.70","1,330.70","1,295.20"
2008/3/19,"1,298.40","1,331.00","1,341.50","1,298.40"
2008/3/18,"1,330.70","1,277.20","1,330.70","1,277.20"
2008/3/17,"1,276.60","1,283.20","1,287.50","1,257.00"
2008/3/14,"1,288.10","1,316.00","1,321.50","1,274.90"
2008/3/13,"1,315.50","1,305.30","1,321.70","1,282.10"
2008/3/12,"1,308.80","1,321.10","1,333.30","1,307.90"
2008/3/11,"1,320.70","1,274.40","1,320.70","1,274.40"
2008/3/10,"1,273.40","1,293.20","1,295.00","1,272.70"
2008/3/7,"1,293.40","1,301.50","1,313.20","1,282.40"
2008/3/6,"1,304.30","1,332.20","1,332.20","1,303.40"
2008/3/5,"1,333.70","1,327.70","1,344.20","1,320.20"
2008/3/4,"1,326.80","1,329.60","1,331.00","1,307.40"
2008/3/3,"1,331.30","1,330.50","1,335.10","1,320.00"
2008/2/29,"1,330.60","1,364.10","1,364.10","1,325.40"
2008/2/28,"1,367.70","1,378.20","1,378.20","1,363.20"
2008/2/27,"1,380.00","1,379.00","1,388.30","1,372.00"
2008/2/26,"1,381.30","1,371.80","1,387.30","1,363.30"
2008/2/25,"1,371.80","1,352.80","1,374.40","1,346.00"
2008/2/22,"1,353.10","1,344.20","1,354.30","1,327.00"
2008/2/21,"1,342.50","1,362.20","1,367.90","1,339.30"
2008/2/20,"1,360.00","1,348.40","1,363.70","1,336.50"
2008/2/19,"1,348.80","1,355.90","1,367.30","1,345.00"
2008/2/15,"1,350.00","1,347.50","1,350.00","1,338.10"
2008/2/14,"1,348.90","1,367.30","1,368.20","1,347.30"
2008/2/13,"1,367.20","1,353.10","1,369.20","1,350.80"
2008/2/12,"1,348.90","1,340.50","1,362.10","1,339.40"
2008/2/11,"1,339.10","1,331.90","1,341.40","1,320.30"
2008/2/8,"1,331.30","1,336.90","1,341.20","1,321.10"
2008/2/7,"1,336.90","1,324.00","1,347.20","1,316.80"
2008/2/6,"1,326.50","1,339.50","1,352.00","1,324.30"
2008/2/5,"1,336.60","1,380.30","1,380.30","1,336.60"
2008/2/4,"1,380.80","1,395.40","1,395.40","1,379.70"
2008/2/1,"1,395.40","1,378.60","1,396.00","1,375.90"
2008/1/31,"1,378.50","1,352.00","1,385.60","1,334.10"
2008/1/30,"1,355.80","1,362.20","1,385.90","1,353.00"
2008/1/29,"1,362.30","1,355.90","1,364.90","1,350.20"
2008/1/28,"1,354.00","1,330.70","1,354.00","1,322.30"
2008/1/25,"1,330.60","1,357.30","1,368.60","1,327.50"
2008/1/24,"1,352.10","1,340.10","1,355.20","1,334.30"
2008/1/23,"1,338.60","1,310.40","1,339.10","1,270.00"
2008/1/22,"1,310.50","1,312.90","1,322.10","1,274.30"
2008/1/18,"1,325.20","1,333.90","1,350.30","1,312.50"
2008/1/17,"1,333.20","1,374.80","1,377.70","1,330.70"
2008/1/16,"1,373.20","1,377.40","1,392.00","1,364.30"
2008/1/15,"1,381.00","1,411.90","1,411.90","1,380.60"
2008/1/14,"1,416.20","1,402.90","1,417.90","1,402.90"
2008/1/11,"1,401.00","1,419.90","1,419.90","1,394.80"
2008/1/10,"1,420.30","1,406.80","1,429.10","1,395.30"
2008/1/9,"1,409.10","1,390.20","1,409.20","1,378.70"
2008/1/8,"1,390.20","1,415.70","1,430.30","1,388.30"
2008/1/7,"1,416.20","1,414.10","1,423.90","1,403.50"
2008/1/4,"1,411.60","1,444.00","1,444.00","1,411.20"
2008/1/3,"1,447.20","1,447.50","1,456.80","1,443.70"
2008/1/2,"1,447.20","1,468.00","1,471.80","1,442.10"
2007/12/31,"1,468.40","1,475.20","1,475.80","1,465.10"
2007/12/28,"1,478.50","1,479.80","1,488.00","1,471.70"
2007/12/27,"1,476.40","1,495.00","1,495.00","1,475.90"
2007/12/26,"1,497.70","1,495.10","1,498.80","1,488.20"
2007/12/24,"1,496.50","1,484.50","1,497.60","1,484.50"
2007/12/21,"1,484.50","1,463.20","1,485.40","1,463.20"
2007/12/20,"1,460.10","1,456.40","1,461.50","1,447.20"
2007/12/19,"1,453.00","1,454.70","1,464.40","1,445.30"
2007/12/18,"1,455.00","1,445.90","1,460.20","1,435.70"
2007/12/17,"1,445.90","1,465.00","1,465.00","1,445.40"
2007/12/14,"1,468.00","1,486.20","1,486.70","1,467.80"
2007/12/13,"1,488.40","1,483.30","1,489.40","1,469.20"
2007/12/12,"1,486.60","1,487.60","1,512.00","1,468.20"
2007/12/11,"1,477.70","1,516.70","1,523.60","1,476.00"
2007/12/10,"1,516.00","1,505.10","1,518.30","1,505.00"
2007/12/7,"1,504.70","1,508.60","1,510.60","1,502.70"
2007/12/6,"1,507.30","1,484.60","1,508.00","1,482.20"
2007/12/5,"1,485.00","1,465.20","1,486.10","1,465.20"
2007/12/4,"1,462.80","1,471.30","1,471.30","1,460.70"
2007/12/3,"1,472.40","1,479.60","1,481.20","1,470.10"
2007/11/30,"1,481.10","1,471.80","1,488.90","1,470.90"
2007/11/29,"1,469.70","1,467.40","1,473.80","1,458.40"
2007/11/28,"1,469.00","1,433.00","1,471.60","1,433.00"
2007/11/27,"1,428.20","1,409.60","1,429.50","1,407.40"
2007/11/26,"1,407.20","1,440.70","1,446.10","1,406.10"
2007/11/23,"1,440.70","1,417.60","1,440.90","1,417.60"
2007/11/21,"1,416.80","1,434.70","1,436.40","1,415.60"
2007/11/20,"1,439.70","1,434.50","1,452.60","1,419.30"
2007/11/19,"1,433.30","1,456.70","1,456.70","1,430.40"
2007/11/16,"1,458.70","1,453.10","1,462.20","1,444.00"
2007/11/15,"1,451.20","1,468.00","1,472.70","1,443.50"
2007/11/14,"1,470.60","1,483.40","1,492.10","1,466.50"
2007/11/13,"1,481.00","1,441.30","1,481.40","1,441.30"
2007/11/12,"1,439.20","1,453.70","1,464.90","1,438.50"
2007/11/9,"1,453.70","1,467.60","1,474.10","1,448.50"
2007/11/8,"1,474.80","1,475.30","1,482.50","1,450.30"
2007/11/7,"1,475.60","1,515.50","1,515.50","1,475.00"
2007/11/6,"1,520.30","1,505.30","1,520.80","1,499.10"
2007/11/5,"1,502.20","1,505.60","1,510.80","1,490.00"
2007/11/2,"1,509.70","1,511.10","1,513.20","1,492.50"
2007/11/1,"1,508.40","1,545.80","1,545.80","1,506.70"
2007/10/31,"1,549.40","1,532.20","1,552.80","1,529.40"
2007/10/30,"1,531.00","1,539.40","1,539.40","1,529.50"
2007/10/29,"1,541.00","1,536.90","1,544.70","1,536.40"
2007/10/26,"1,535.30","1,522.20","1,535.50","1,520.20"
2007/10/25,"1,514.40","1,516.20","1,523.20","1,500.50"
2007/10/24,"1,515.90","1,516.60","1,517.20","1,489.60"
2007/10/23,"1,519.60","1,509.30","1,520.00","1,503.60"
2007/10/22,"1,506.30","1,497.80","1,508.10","1,490.40"
2007/10/19,"1,500.60","1,540.00","1,540.00","1,500.30"
2007/10/18,"1,540.10","1,539.30","1,542.80","1,531.80"
2007/10/17,"1,541.20","1,544.40","1,550.70","1,526.00"
2007/10/16,"1,538.50","1,547.80","1,547.80","1,536.30"
2007/10/15,"1,548.70","1,562.20","1,564.70","1,540.80"
2007/10/12,"1,561.80","1,555.40","1,563.00","1,554.10"
2007/10/11,"1,554.40","1,564.70","1,576.10","1,546.70"
2007/10/10,"1,562.50","1,565.00","1,565.40","1,555.50"
2007/10/9,"1,565.20","1,553.20","1,565.30","1,551.80"
2007/10/8,"1,552.60","1,556.50","1,556.50","1,549.00"
2007/10/5,"1,557.60","1,543.80","1,561.90","1,543.80"
2007/10/4,"1,542.80","1,539.90","1,544.00","1,537.60"
2007/10/3,"1,539.60","1,545.80","1,545.80","1,536.30"
2007/10/2,"1,546.60","1,547.00","1,548.00","1,540.40"
2007/10/1,"1,547.00","1,527.30","1,549.00","1,527.20"
2007/9/28,"1,526.80","1,531.20","1,533.70","1,522.00"
2007/9/27,"1,531.40","1,527.30","1,532.50","1,525.80"
2007/9/26,"1,525.40","1,518.60","1,529.40","1,518.60"
2007/9/25,"1,517.20","1,516.30","1,518.30","1,507.10"
2007/9/24,"1,517.70","1,525.80","1,530.20","1,516.20"
2007/9/21,"1,525.80","1,518.80","1,530.90","1,518.80"
2007/9/20,"1,518.80","1,528.70","1,529.10","1,516.40"
2007/9/19,"1,529.00","1,519.80","1,538.70","1,519.80"
2007/9/18,"1,519.80","1,476.60","1,519.90","1,476.60"
2007/9/17,"1,476.70","1,484.20","1,484.20","1,471.80"
2007/9/14,"1,484.20","1,484.00","1,486.00","1,473.20"
2007/9/13,"1,484.00","1,471.50","1,489.60","1,471.50"
2007/9/12,"1,471.60","1,471.10","1,479.50","1,465.80"
2007/9/11,"1,471.50","1,451.70","1,472.50","1,451.70"
2007/9/10,"1,451.70","1,453.50","1,462.20","1,439.30"
2007/9/7,"1,453.50","1,478.50","1,478.50","1,449.10"
2007/9/6,"1,478.50","1,472.00","1,481.50","1,467.40"
2007/9/5,"1,472.30","1,488.80","1,488.80","1,466.30"
2007/9/4,"1,489.40","1,474.00","1,496.40","1,472.20"
2007/8/31,"1,474.00","1,457.60","1,481.50","1,457.60"
2007/8/30,"1,457.60","1,463.70","1,468.40","1,451.20"
2007/8/29,"1,463.80","1,432.00","1,463.80","1,432.00"
2007/8/28,"1,432.40","1,466.70","1,466.70","1,432.00"
2007/8/27,"1,466.80","1,479.40","1,479.40","1,466.00"
2007/8/24,"1,479.40","1,462.30","1,479.40","1,460.50"
2007/8/23,"1,462.50","1,464.00","1,472.10","1,453.90"
2007/8/22,"1,464.10","1,447.00","1,464.90","1,447.00"
2007/8/21,"1,447.10","1,445.50","1,455.30","1,439.80"
2007/8/20,"1,445.50","1,445.90","1,451.80","1,430.50"
2007/8/17,"1,445.90","1,411.30","1,450.30","1,411.30"
2007/8/16,"1,411.30","1,406.60","1,416.00","1,370.60"
2007/8/15,"1,406.70","1,426.20","1,440.80","1,404.40"
2007/8/14,"1,426.50","1,452.90","1,456.70","1,426.20"
2007/8/13,"1,452.90","1,453.40","1,466.30","1,451.50"
2007/8/10,"1,453.60","1,453.10","1,462.00","1,429.70"
2007/8/9,"1,453.10","1,497.20","1,497.20","1,453.10"
2007/8/8,"1,497.50","1,476.20","1,503.90","1,476.20"
2007/8/7,"1,476.70","1,467.60","1,488.30","1,455.80"
2007/8/6,"1,467.70","1,433.00","1,467.70","1,427.40"
2007/8/3,"1,433.10","1,472.20","1,473.20","1,432.80"
2007/8/2,"1,472.20","1,465.50","1,476.40","1,460.60"
2007/8/1,"1,465.80","1,455.20","1,468.40","1,439.60"
2007/7/31,"1,455.30","1,473.90","1,488.30","1,454.20"
2007/7/30,"1,473.90","1,458.90","1,477.90","1,454.30"
2007/7/27,"1,459.00","1,482.40","1,488.50","1,459.00"
2007/7/26,"1,482.70","1,518.10","1,518.10","1,465.30"
2007/7/25,"1,518.10","1,511.00","1,524.30","1,503.70"
2007/7/24,"1,511.00","1,541.60","1,541.60","1,508.60"
2007/7/23,"1,541.60","1,534.10","1,547.20","1,534.10"
2007/7/20,"1,534.10","1,553.20","1,553.20","1,529.20"
2007/7/19,"1,553.10","1,546.10","1,555.20","1,546.10"
2007/7/18,"1,546.20","1,549.20","1,549.20","1,533.70"
2007/7/17,"1,549.40","1,549.50","1,555.30","1,547.70"
2007/7/16,"1,549.50","1,552.50","1,555.90","1,546.70"
2007/7/13,"1,552.50","1,547.70","1,555.10","1,544.80"
2007/7/12,"1,547.70","1,518.70","1,547.90","1,518.70"
2007/7/11,"1,518.80","1,509.90","1,519.30","1,506.10"
2007/7/10,"1,510.10","1,531.80","1,531.80","1,510.00"
2007/7/9,"1,531.80","1,530.40","1,534.30","1,527.50"
2007/7/6,"1,530.40","1,525.00","1,532.40","1,520.50"
2007/7/5,"1,525.40","1,524.90","1,526.60","1,517.70"
2007/7/3,"1,524.90","1,519.10","1,526.00","1,519.10"
2007/7/2,"1,519.40","1,504.70","1,519.50","1,504.70"
2007/6/29,"1,503.30","1,505.70","1,517.50","1,493.60"
2007/6/28,"1,505.70","1,506.30","1,514.80","1,503.40"
2007/6/27,"1,506.30","1,492.60","1,506.80","1,484.20"
2007/6/26,"1,492.90","1,497.70","1,506.10","1,490.50"
2007/6/25,"1,497.70","1,502.60","1,514.30","1,492.70"
2007/6/22,"1,502.60","1,522.20","1,522.20","1,500.70"
2007/6/21,"1,522.20","1,512.50","1,522.90","1,504.80"
2007/6/20,"1,512.80","1,533.70","1,537.30","1,512.40"
2007/6/19,"1,533.70","1,531.00","1,535.80","1,525.70"
2007/6/18,"1,531.00","1,532.90","1,535.40","1,529.30"
2007/6/15,"1,532.90","1,525.50","1,538.70","1,525.50"
2007/6/14,"1,523.00","1,515.60","1,526.50","1,515.60"
2007/6/13,"1,515.70","1,492.70","1,515.70","1,492.70"
2007/6/12,"1,493.00","1,509.10","1,511.30","1,493.00"
2007/6/11,"1,509.10","1,507.60","1,515.50","1,503.30"
2007/6/8,"1,507.70","1,490.70","1,507.80","1,487.40"
2007/6/7,"1,490.70","1,517.40","1,517.40","1,490.40"
2007/6/6,"1,517.40","1,530.60","1,530.60","1,514.10"
2007/6/5,"1,531.00","1,539.10","1,539.10","1,525.60"
2007/6/4,"1,539.20","1,536.30","1,540.50","1,532.30"
2007/6/1,"1,536.30","1,530.60","1,540.60","1,530.60"
2007/5/31,"1,530.60","1,530.20","1,535.60","1,528.30"
2007/5/30,"1,530.20","1,517.60","1,530.20","1,510.10"
2007/5/29,"1,518.10","1,515.50","1,521.80","1,512.00"
2007/5/25,"1,515.70","1,507.50","1,517.40","1,507.50"
2007/5/24,"1,507.50","1,522.10","1,529.30","1,505.20"
2007/5/23,"1,522.30","1,524.10","1,532.40","1,521.90"
2007/5/22,"1,524.10","1,525.10","1,529.20","1,522.00"
2007/5/21,"1,525.10","1,522.80","1,529.90","1,522.70"
2007/5/18,"1,522.80","1,512.70","1,522.80","1,512.70"
2007/5/17,"1,512.80","1,514.00","1,517.10","1,509.30"
2007/5/16,"1,514.10","1,500.80","1,514.20","1,500.80"
2007/5/15,"1,501.20","1,503.10","1,514.80","1,500.40"
2007/5/14,"1,503.20","1,505.80","1,510.90","1,498.30"
2007/5/11,"1,505.80","1,491.50","1,506.20","1,491.50"
2007/5/10,"1,491.50","1,512.30","1,512.30","1,491.40"
2007/5/9,"1,512.60","1,507.30","1,513.80","1,503.80"
2007/5/8,"1,507.70","1,509.40","1,509.40","1,500.70"
2007/5/7,"1,509.50","1,505.60","1,511.00","1,505.50"
2007/5/4,"1,505.60","1,502.30","1,510.30","1,501.80"
2007/5/3,"1,502.40","1,495.60","1,503.30","1,495.60"
2007/5/2,"1,495.90","1,486.10","1,499.10","1,486.10"
2007/5/1,"1,486.30","1,482.40","1,487.30","1,476.70"
2007/4/30,"1,482.40","1,494.10","1,497.20","1,482.30"
2007/4/27,"1,494.10","1,494.20","1,497.30","1,488.70"
2007/4/26,"1,494.20","1,495.30","1,498.00","1,491.20"
2007/4/25,"1,495.40","1,480.30","1,496.60","1,480.30"
2007/4/24,"1,480.40","1,480.90","1,483.80","1,473.70"
2007/4/23,"1,480.90","1,484.30","1,487.30","1,480.20"
2007/4/20,"1,484.30","1,470.70","1,484.70","1,470.70"
2007/4/19,"1,470.70","1,472.50","1,474.20","1,464.50"
2007/4/18,"1,472.50","1,471.50","1,476.60","1,466.40"
2007/4/17,"1,471.50","1,468.50","1,474.30","1,467.20"
2007/4/16,"1,468.50","1,452.80","1,468.60","1,452.80"
2007/4/13,"1,452.80","1,447.80","1,453.10","1,444.20"
2007/4/12,"1,447.80","1,438.90","1,448.00","1,433.90"
2007/4/11,"1,438.90","1,448.20","1,448.40","1,436.20"
2007/4/10,"1,448.40","1,444.60","1,448.70","1,444.00"
2007/4/9,"1,444.60","1,443.80","1,448.10","1,443.30"
2007/4/5,"1,443.80","1,438.90","1,444.90","1,436.70"
2007/4/4,"1,439.40","1,437.80","1,440.20","1,435.10"
2007/4/3,"1,437.80","1,424.30","1,440.60","1,424.30"
2007/4/2,"1,424.50","1,420.80","1,425.50","1,416.40"
2007/3/30,"1,420.90","1,422.50","1,429.20","1,408.90"
2007/3/29,"1,422.50","1,417.20","1,426.20","1,413.30"
2007/3/28,"1,417.20","1,428.30","1,428.30","1,414.10"
2007/3/27,"1,428.60","1,437.50","1,437.50","1,425.50"
2007/3/26,"1,437.50","1,436.10","1,437.70","1,423.30"
2007/3/23,"1,436.10","1,434.50","1,438.90","1,433.20"
2007/3/22,"1,434.50","1,435.00","1,437.70","1,429.90"
2007/3/21,"1,435.00","1,410.90","1,437.80","1,409.80"
2007/3/20,"1,410.90","1,402.00","1,411.50","1,400.70"
2007/3/19,"1,402.10","1,387.00","1,403.20","1,387.00"
2007/3/16,"1,387.00","1,392.30","1,397.50","1,383.60"
2007/3/15,"1,392.30","1,387.10","1,395.70","1,385.20"
2007/3/14,"1,387.20","1,377.90","1,388.10","1,364.00"
2007/3/13,"1,378.00","1,406.20","1,406.20","1,377.70"
2007/3/12,"1,406.60","1,402.80","1,409.30","1,398.40"
2007/3/9,"1,402.80","1,401.90","1,410.20","1,397.30"
2007/3/8,"1,401.90","1,391.90","1,407.90","1,391.90"
2007/3/7,"1,392.00","1,395.00","1,401.20","1,390.60"
2007/3/6,"1,395.40","1,374.10","1,397.90","1,374.10"
2007/3/5,"1,374.10","1,387.10","1,391.90","1,374.00"
2007/3/2,"1,387.20","1,403.20","1,403.40","1,386.90"
2007/3/1,"1,403.20","1,406.80","1,409.50","1,380.90"
2007/2/28,"1,406.80","1,398.60","1,415.90","1,396.70"
2007/2/27,"1,399.00","1,449.20","1,449.20","1,389.40"
2007/2/26,"1,449.40","1,451.00","1,457.00","1,445.50"
2007/2/23,"1,451.20","1,456.20","1,456.20","1,448.40"
2007/2/22,"1,456.40","1,457.30","1,461.60","1,450.50"
2007/2/21,"1,457.60","1,459.60","1,459.60","1,452.00"
2007/2/20,"1,459.70","1,455.50","1,460.50","1,449.20"
2007/2/16,"1,455.50","1,456.80","1,456.80","1,451.60"
2007/2/15,"1,456.80","1,455.20","1,458.00","1,453.20"
2007/2/14,"1,455.30","1,443.90","1,457.70","1,443.90"
2007/2/13,"1,444.30","1,433.20","1,444.40","1,433.20"
2007/2/12,"1,433.40","1,438.00","1,439.10","1,431.40"
2007/2/9,"1,438.10","1,448.20","1,452.50","1,433.40"
2007/2/8,"1,448.30","1,450.00","1,450.50","1,442.80"
2007/2/7,"1,450.00","1,447.40","1,453.00","1,446.40"
2007/2/6,"1,448.00","1,447.00","1,450.20","1,443.40"
2007/2/5,"1,447.00","1,448.30","1,449.40","1,443.80"
2007/2/2,"1,448.40","1,445.90","1,449.30","1,444.50"
2007/2/1,"1,445.90","1,437.90","1,446.60","1,437.90"
2007/1/31,"1,438.20","1,428.70","1,441.60","1,424.80"
2007/1/30,"1,428.80","1,420.60","1,428.80","1,420.60"
2007/1/29,"1,420.60","1,422.00","1,426.90","1,418.50"
2007/1/26,"1,422.20","1,423.90","1,427.30","1,417.00"
2007/1/25,"1,423.90","1,440.10","1,440.70","1,422.30"
2007/1/24,"1,440.10","1,428.00","1,440.10","1,428.00"
2007/1/23,"1,428.00","1,423.00","1,431.30","1,421.70"
2007/1/22,"1,423.00","1,430.50","1,431.40","1,420.40"
2007/1/19,"1,430.50","1,426.30","1,431.60","1,425.20"
2007/1/18,"1,426.40","1,430.60","1,433.30","1,424.20"
2007/1/17,"1,430.60","1,431.80","1,435.30","1,428.60"
2007/1/16,"1,431.90","1,430.70","1,433.90","1,428.60"
2007/1/12,"1,430.70","1,423.80","1,431.20","1,422.60"
2007/1/11,"1,423.80","1,414.80","1,427.10","1,414.80"
2007/1/10,"1,414.80","1,411.90","1,416.00","1,404.30"
2007/1/9,"1,412.10","1,412.80","1,415.60","1,405.40"
2007/1/8,"1,412.80","1,409.30","1,415.00","1,404.00"
2007/1/5,"1,409.70","1,418.30","1,418.30","1,405.80"
2007/1/4,"1,418.30","1,416.60","1,421.80","1,408.20"
2007/1/3,"1,416.60","1,418.00","1,429.40","1,407.90"
2006/12/29,"1,418.30","1,424.70","1,427.00","1,416.70"
2006/12/28,"1,424.70","1,426.80","1,427.30","1,422.00"
2006/12/27,"1,426.80","1,416.60","1,427.70","1,416.60"
2006/12/26,"1,416.90","1,410.80","1,417.90","1,410.50"
2006/12/22,"1,410.80","1,418.10","1,418.80","1,410.30"
2006/12/21,"1,418.30","1,423.20","1,426.40","1,415.90"
2006/12/20,"1,423.50","1,425.50","1,429.00","1,423.50"
2006/12/19,"1,425.50","1,422.40","1,428.30","1,414.90"
2006/12/18,"1,422.50","1,427.10","1,431.80","1,420.70"
2006/12/15,"1,427.10","1,425.50","1,431.60","1,425.50"
2006/12/14,"1,425.50","1,413.20","1,427.20","1,413.20"
2006/12/13,"1,413.20","1,411.30","1,416.60","1,411.00"
2006/12/12,"1,411.60","1,413.00","1,413.80","1,404.80"
2006/12/11,"1,413.00","1,409.80","1,415.60","1,408.60"
2006/12/8,"1,409.80","1,407.30","1,414.10","1,403.70"
2006/12/7,"1,407.30","1,412.90","1,418.30","1,406.80"
2006/12/6,"1,412.90","1,414.40","1,415.90","1,411.00"
2006/12/5,"1,414.80","1,409.10","1,415.30","1,408.80"
2006/12/4,"1,409.10","1,396.70","1,411.20","1,396.70"
2006/12/1,"1,396.70","1,400.60","1,402.50","1,385.90"
2006/11/30,"1,400.60","1,399.50","1,406.30","1,393.80"
2006/11/29,"1,399.50","1,386.10","1,401.10","1,386.10"
2006/11/28,"1,386.70","1,381.60","1,387.90","1,377.80"
2006/11/27,"1,381.90","1,401.00","1,401.00","1,381.40"
2006/11/24,"1,401.00","1,405.90","1,405.90","1,399.20"
2006/11/22,"1,406.10","1,402.70","1,407.90","1,402.30"
2006/11/21,"1,402.80","1,400.40","1,403.50","1,400.00"
2006/11/20,"1,400.50","1,401.20","1,404.40","1,397.80"
2006/11/17,"1,401.20","1,399.80","1,401.20","1,394.50"
2006/11/16,"1,399.80","1,396.50","1,403.80","1,396.50"
2006/11/15,"1,396.60","1,392.90","1,401.30","1,392.10"
2006/11/14,"1,393.20","1,384.40","1,394.50","1,379.10"
2006/11/13,"1,384.40","1,380.60","1,387.60","1,378.80"
2006/11/10,"1,380.90","1,378.30","1,381.00","1,375.60"
2006/11/9,"1,378.30","1,385.40","1,388.90","1,377.30"
2006/11/8,"1,385.70","1,382.50","1,388.60","1,376.30"
2006/11/7,"1,382.80","1,379.80","1,388.20","1,379.20"
2006/11/6,"1,379.80","1,364.30","1,381.40","1,364.30"
2006/11/3,"1,364.30","1,367.30","1,371.70","1,361.00"
2006/11/2,"1,367.30","1,367.40","1,368.40","1,362.20"
2006/11/1,"1,367.80","1,377.80","1,382.00","1,366.30"
2006/10/31,"1,377.90","1,377.90","1,381.20","1,372.20"
2006/10/30,"1,377.90","1,377.30","1,381.20","1,373.50"
2006/10/27,"1,377.30","1,388.90","1,388.90","1,375.80"
2006/10/26,"1,389.10","1,382.20","1,389.50","1,379.50"
2006/10/25,"1,382.20","1,377.40","1,383.60","1,376.00"
2006/10/24,"1,377.40","1,377.00","1,377.80","1,372.40"
2006/10/23,"1,377.00","1,368.60","1,377.40","1,363.90"
2006/10/20,"1,368.60","1,366.90","1,368.70","1,362.10"
2006/10/19,"1,367.00","1,366.00","1,368.10","1,362.10"
2006/10/18,"1,366.00","1,363.90","1,372.90","1,361.00"
2006/10/17,"1,364.00","1,369.00","1,369.00","1,356.90"
2006/10/16,"1,369.00","1,365.60","1,370.20","1,364.50"
2006/10/13,"1,365.60","1,362.80","1,366.60","1,360.50"
2006/10/12,"1,362.80","1,349.90","1,363.80","1,349.90"
2006/10/11,"1,350.00","1,353.30","1,354.00","1,343.60"
2006/10/10,"1,353.40","1,350.60","1,354.20","1,348.60"
2006/10/9,"1,350.70","1,349.60","1,352.70","1,346.50"
2006/10/6,"1,349.60","1,353.20","1,353.20","1,344.20"
2006/10/5,"1,353.20","1,349.80","1,353.80","1,347.80"
2006/10/4,"1,350.20","1,333.80","1,350.20","1,331.50"
2006/10/3,"1,334.10","1,331.30","1,338.30","1,327.10"
2006/10/2,"1,331.30","1,335.80","1,338.50","1,330.30"
2006/9/29,"1,335.80","1,339.20","1,339.90","1,335.60"
2006/9/28,"1,339.20","1,336.60","1,340.30","1,333.80"
2006/9/27,"1,336.60","1,336.10","1,340.10","1,333.50"
2006/9/26,"1,336.30","1,326.30","1,336.60","1,325.30"
2006/9/25,"1,326.40","1,314.80","1,329.30","1,311.60"
2006/9/22,"1,314.80","1,318.00","1,318.00","1,310.90"
2006/9/21,"1,318.00","1,324.90","1,328.20","1,315.50"
2006/9/20,"1,325.20","1,318.30","1,328.50","1,318.30"
2006/9/19,"1,318.30","1,321.20","1,322.00","1,312.20"
2006/9/18,"1,321.20","1,319.80","1,324.90","1,318.20"
2006/9/15,"1,319.90","1,316.30","1,324.70","1,316.30"
2006/9/14,"1,316.30","1,318.00","1,318.00","1,313.20"
2006/9/13,"1,318.10","1,312.70","1,319.90","1,311.10"
2006/9/12,"1,313.10","1,299.50","1,314.30","1,299.50"
2006/9/11,"1,299.50","1,298.90","1,302.40","1,290.90"
2006/9/8,"1,298.90","1,294.00","1,300.10","1,294.00"
2006/9/7,"1,294.00","1,300.20","1,301.20","1,292.10"
2006/9/6,"1,300.30","1,313.00","1,313.00","1,299.30"
2006/9/5,"1,313.20","1,310.90","1,314.70","1,308.80"
2006/9/1,"1,311.00","1,303.80","1,312.00","1,303.80"
2006/8/31,"1,303.80","1,304.20","1,306.10","1,302.50"
2006/8/30,"1,304.30","1,303.70","1,306.70","1,302.20"
2006/8/29,"1,304.30","1,301.60","1,305.00","1,295.30"
2006/8/28,"1,301.80","1,295.10","1,305.00","1,294.00"
2006/8/25,"1,295.10","1,295.90","1,298.90","1,292.40"
2006/8/24,"1,296.10","1,293.00","1,297.20","1,291.40"
2006/8/23,"1,293.00","1,298.70","1,301.50","1,289.50"
2006/8/22,"1,298.80","1,297.50","1,302.50","1,294.40"
2006/8/21,"1,297.50","1,302.30","1,302.30","1,295.50"
2006/8/18,"1,302.30","1,297.50","1,302.30","1,293.60"
2006/8/17,"1,297.50","1,295.40","1,300.80","1,292.70"
2006/8/16,"1,295.40","1,285.30","1,296.20","1,285.30"
2006/8/15,"1,285.60","1,268.20","1,286.20","1,268.20"
2006/8/14,"1,268.20","1,266.70","1,278.90","1,266.70"
2006/8/11,"1,266.70","1,271.60","1,271.60","1,262.10"
2006/8/10,"1,271.80","1,265.70","1,272.50","1,261.30"
2006/8/9,"1,266.00","1,271.10","1,283.70","1,264.70"
2006/8/8,"1,271.50","1,275.70","1,282.80","1,268.40"
2006/8/7,"1,275.80","1,279.30","1,279.30","1,273.00"
2006/8/4,"1,279.40","1,280.30","1,292.90","1,273.80"
2006/8/3,"1,280.30","1,278.20","1,284.00","1,271.20"
2006/8/2,"1,278.50","1,270.70","1,283.40","1,270.70"
2006/8/1,"1,270.90","1,278.50","1,278.70","1,265.70"
2006/7/31,"1,276.70","1,278.50","1,278.70","1,274.30"
2006/7/28,"1,278.50","1,263.20","1,280.40","1,263.20"
2006/7/27,"1,263.20","1,268.20","1,275.80","1,261.90"
2006/7/26,"1,268.40","1,268.90","1,273.90","1,261.90"
2006/7/25,"1,268.90","1,260.90","1,272.40","1,257.20"
2006/7/24,"1,260.90","1,240.20","1,262.50","1,240.20"
2006/7/21,"1,240.30","1,249.10","1,251.00","1,238.70"
2006/7/20,"1,249.10","1,259.80","1,262.60","1,249.10"
2006/7/19,"1,259.80","1,236.70","1,261.80","1,236.70"
2006/7/18,"1,236.90","1,234.50","1,239.90","1,224.50"
2006/7/17,"1,234.50","1,236.20","1,240.10","1,231.50"
2006/7/14,"1,236.20","1,242.30","1,242.70","1,228.50"
2006/7/13,"1,242.30","1,258.60","1,258.60","1,241.40"
2006/7/12,"1,258.60","1,272.40","1,273.30","1,257.30"
2006/7/11,"1,272.50","1,267.30","1,273.60","1,259.70"
2006/7/10,"1,267.30","1,265.50","1,274.10","1,264.50"
2006/7/7,"1,265.50","1,274.10","1,275.40","1,263.10"
2006/7/6,"1,274.10","1,270.60","1,278.30","1,270.60"
2006/7/5,"1,270.90","1,280.00","1,280.00","1,265.90"
2006/7/3,"1,280.20","1,270.10","1,280.40","1,270.10"
2006/6/30,"1,270.20","1,272.90","1,276.30","1,270.20"
2006/6/29,"1,272.90","1,245.90","1,272.90","1,245.90"
2006/6/28,"1,246.00","1,239.00","1,247.10","1,237.60"
2006/6/27,"1,239.20","1,250.50","1,253.40","1,238.90"
2006/6/26,"1,250.60","1,244.50","1,250.90","1,243.70"
2006/6/23,"1,244.50","1,245.60","1,253.10","1,241.40"
2006/6/22,"1,245.60","1,251.90","1,251.90","1,241.50"
2006/6/21,"1,252.20","1,240.10","1,258.00","1,240.10"
2006/6/20,"1,240.10","1,240.10","1,249.00","1,238.90"
2006/6/19,"1,240.10","1,251.50","1,255.90","1,237.20"
2006/6/16,"1,251.50","1,256.20","1,256.30","1,246.30"
2006/6/15,"1,256.20","1,230.00","1,258.60","1,230.00"
2006/6/14,"1,230.00","1,223.70","1,231.50","1,219.30"
2006/6/13,"1,223.70","1,236.10","1,243.40","1,222.50"
2006/6/12,"1,236.40","1,252.30","1,255.20","1,236.20"
2006/6/9,"1,252.30","1,257.90","1,262.60","1,250.00"
2006/6/8,"1,257.90","1,256.10","1,259.80","1,235.20"
2006/6/7,"1,256.20","1,263.60","1,272.50","1,255.80"
2006/6/6,"1,263.80","1,265.20","1,269.90","1,254.50"
2006/6/5,"1,265.30","1,288.20","1,288.20","1,264.70"
2006/6/2,"1,288.20","1,285.70","1,290.70","1,280.20"
2006/6/1,"1,285.70","1,270.00","1,285.70","1,269.20"
2006/5/31,"1,270.10","1,259.40","1,270.10","1,259.40"
2006/5/30,"1,259.80","1,280.00","1,280.00","1,259.80"
2006/5/26,"1,280.20","1,272.70","1,280.50","1,272.50"
2006/5/25,"1,272.90","1,258.40","1,273.30","1,258.40"
2006/5/24,"1,258.60","1,256.60","1,264.50","1,245.30"
2006/5/23,"1,256.60","1,262.10","1,273.70","1,256.20"
2006/5/22,"1,262.10","1,267.00","1,268.80","1,253.00"
2006/5/19,"1,267.00","1,261.80","1,272.20","1,256.30"
2006/5/18,"1,261.80","1,270.20","1,274.90","1,261.80"
2006/5/17,"1,270.30","1,291.70","1,291.70","1,267.30"
2006/5/16,"1,292.10","1,294.50","1,297.90","1,288.50"
2006/5/15,"1,294.50","1,291.20","1,294.80","1,284.50"
2006/5/12,"1,291.20","1,305.90","1,305.90","1,290.40"
2006/5/11,"1,305.90","1,322.60","1,322.60","1,303.50"
2006/5/10,"1,322.80","1,324.60","1,325.50","1,317.40"
2006/5/9,"1,325.10","1,324.70","1,326.60","1,322.50"
2006/5/8,"1,324.70","1,325.80","1,326.70","1,322.90"
2006/5/5,"1,325.80","1,312.20","1,326.50","1,312.20"
2006/5/4,"1,312.20","1,307.80","1,315.10","1,307.80"
2006/5/3,"1,307.80","1,313.20","1,313.50","1,303.90"
2006/5/2,"1,313.20","1,305.20","1,313.70","1,305.20"
2006/5/1,"1,305.20","1,310.60","1,317.20","1,303.50"
2006/4/28,"1,310.60","1,309.70","1,316.00","1,306.20"
2006/4/27,"1,309.70","1,305.40","1,315.00","1,295.60"
2006/4/26,"1,305.40","1,301.70","1,311.00","1,301.70"
2006/4/25,"1,301.70","1,308.10","1,310.80","1,299.20"
2006/4/24,"1,308.10","1,311.30","1,311.30","1,303.80"
2006/4/21,"1,311.30","1,311.50","1,317.70","1,306.60"
2006/4/20,"1,311.50","1,309.90","1,318.20","1,306.40"
2006/4/19,"1,309.90","1,307.70","1,310.40","1,302.80"
2006/4/18,"1,307.70","1,285.30","1,309.00","1,285.30"
2006/4/17,"1,285.30","1,289.10","1,292.50","1,280.70"
2006/4/13,"1,289.10","1,288.10","1,292.10","1,283.40"
2006/4/12,"1,288.10","1,286.60","1,290.90","1,286.50"
2006/4/11,"1,286.60","1,296.60","1,300.70","1,283.00"
2006/4/10,"1,296.60","1,295.50","1,300.70","1,293.20"
2006/4/7,"1,295.50","1,309.00","1,314.10","1,294.20"
2006/4/6,"1,309.00","1,311.60","1,312.00","1,302.40"
2006/4/5,"1,311.60","1,305.90","1,312.80","1,304.80"
2006/4/4,"1,305.90","1,297.80","1,307.50","1,294.70"
2006/4/3,"1,297.80","1,302.90","1,309.20","1,296.70"
2006/3/31,"1,294.80","1,300.20","1,303.00","1,294.80"
2006/3/30,"1,300.20","1,302.90","1,310.20","1,296.70"
2006/3/29,"1,302.90","1,293.20","1,305.60","1,293.20"
2006/3/28,"1,293.20","1,301.60","1,306.20","1,291.80"
2006/3/27,"1,301.60","1,303.00","1,303.70","1,299.10"
2006/3/24,"1,303.00","1,301.70","1,306.50","1,298.90"
2006/3/23,"1,301.70","1,305.00","1,305.00","1,298.10"
2006/3/22,"1,305.00","1,297.20","1,306.00","1,295.80"
2006/3/21,"1,297.20","1,305.10","1,310.90","1,295.80"
2006/3/20,"1,305.10","1,307.20","1,310.00","1,303.60"
2006/3/17,"1,307.20","1,305.30","1,309.80","1,305.30"
2006/3/16,"1,305.30","1,303.00","1,310.50","1,303.00"
2006/3/15,"1,303.00","1,297.50","1,304.40","1,295.00"
2006/3/14,"1,297.50","1,284.10","1,298.10","1,282.70"
2006/3/13,"1,284.10","1,281.60","1,287.40","1,281.60"
2006/3/10,"1,281.60","1,272.20","1,284.40","1,271.10"
2006/3/9,"1,272.20","1,278.50","1,282.70","1,272.20"
2006/3/8,"1,278.50","1,275.90","1,280.30","1,268.40"
2006/3/7,"1,275.90","1,278.30","1,278.30","1,271.10"
2006/3/6,"1,278.30","1,287.20","1,288.20","1,275.70"
2006/3/3,"1,287.20","1,289.10","1,297.30","1,284.20"
2006/3/2,"1,289.10","1,291.20","1,291.20","1,283.20"
2006/3/1,"1,291.20","1,280.70","1,291.80","1,280.70"
2006/2/28,"1,280.70","1,294.10","1,294.10","1,278.70"
2006/2/27,"1,294.10","1,289.40","1,297.60","1,289.40"
2006/2/24,"1,289.40","1,287.80","1,292.10","1,285.60"
2006/2/23,"1,287.80","1,292.70","1,293.80","1,285.10"
2006/2/22,"1,292.70","1,283.00","1,294.20","1,283.00"
2006/2/21,"1,283.00","1,287.20","1,291.90","1,281.30"
2006/2/17,"1,287.20","1,289.40","1,289.50","1,284.10"
2006/2/16,"1,289.40","1,280.00","1,289.40","1,280.00"
2006/2/15,"1,280.00","1,275.50","1,281.00","1,271.10"
2006/2/14,"1,275.50","1,262.90","1,278.20","1,260.80"
2006/2/13,"1,262.90","1,267.00","1,267.00","1,258.30"
2006/2/10,"1,267.00","1,263.80","1,269.90","1,255.00"
2006/2/9,"1,263.80","1,265.70","1,274.60","1,262.80"
2006/2/8,"1,265.70","1,254.80","1,266.50","1,254.80"
2006/2/7,"1,254.80","1,265.00","1,265.80","1,253.60"
2006/2/6,"1,265.00","1,264.00","1,267.00","1,261.60"
2006/2/3,"1,264.00","1,270.80","1,270.90","1,261.00"
2006/2/2,"1,270.80","1,282.50","1,282.50","1,267.70"
2006/2/1,"1,282.50","1,280.10","1,283.30","1,277.60"
2006/1/31,"1,280.10","1,285.20","1,285.20","1,276.80"
2006/1/30,"1,285.20","1,283.70","1,287.90","1,283.50"
2006/1/27,"1,283.70","1,273.80","1,286.40","1,273.80"
2006/1/26,"1,273.80","1,264.70","1,276.40","1,264.70"
2006/1/25,"1,264.70","1,266.90","1,271.90","1,259.40"
2006/1/24,"1,266.90","1,263.80","1,271.50","1,263.80"
2006/1/23,"1,263.80","1,261.50","1,268.20","1,261.50"
2006/1/20,"1,261.50","1,285.00","1,285.00","1,260.90"
2006/1/19,"1,285.00","1,277.90","1,287.80","1,277.90"
2006/1/18,"1,277.90","1,282.90","1,282.90","1,272.10"
2006/1/17,"1,282.90","1,287.60","1,287.60","1,278.60"
2006/1/13,"1,287.60","1,286.10","1,289.00","1,282.80"
2006/1/12,"1,286.10","1,294.20","1,294.20","1,285.00"
2006/1/11,"1,294.20","1,289.70","1,294.90","1,288.10"
2006/1/10,"1,289.70","1,290.20","1,290.20","1,283.80"
2006/1/9,"1,290.20","1,285.50","1,290.80","1,284.80"
2006/1/6,"1,285.50","1,273.50","1,286.10","1,273.50"
2006/1/5,"1,273.50","1,273.50","1,276.90","1,270.30"
2006/1/4,"1,273.50","1,268.80","1,275.40","1,267.70"
2006/1/3,"1,268.80","1,248.30","1,270.20","1,245.70"
2005/12/30,"1,248.30","1,254.40","1,254.40","1,246.60"
2005/12/29,"1,254.40","1,258.20","1,260.60","1,254.20"
2005/12/28,"1,258.20","1,256.50","1,261.10","1,256.50"
2005/12/27,"1,256.50","1,268.70","1,271.80","1,256.50"
2005/12/23,"1,268.70","1,268.10","1,269.80","1,265.90"
2005/12/22,"1,268.10","1,262.80","1,268.20","1,262.50"
2005/12/21,"1,262.80","1,259.60","1,269.40","1,259.60"
2005/12/20,"1,259.60","1,259.90","1,263.90","1,257.20"
2005/12/19,"1,259.90","1,267.30","1,270.50","1,259.30"
2005/12/16,"1,267.30","1,270.90","1,275.20","1,267.30"
2005/12/15,"1,270.90","1,272.70","1,275.20","1,267.70"
2005/12/14,"1,272.70","1,267.40","1,275.80","1,267.10"
2005/12/13,"1,267.40","1,260.40","1,272.10","1,258.60"
2005/12/12,"1,260.40","1,259.40","1,263.90","1,255.50"
2005/12/9,"1,259.40","1,255.80","1,263.10","1,254.20"
2005/12/8,"1,255.80","1,257.40","1,263.40","1,250.90"
2005/12/7,"1,257.40","1,263.70","1,264.80","1,253.00"
2005/12/6,"1,263.70","1,262.10","1,272.90","1,262.10"
2005/12/5,"1,262.10","1,265.10","1,265.10","1,258.10"
2005/12/2,"1,265.10","1,264.70","1,266.80","1,261.40"
2005/12/1,"1,264.70","1,249.50","1,266.20","1,249.50"
2005/11/30,"1,249.50","1,257.50","1,260.90","1,249.40"
2005/11/29,"1,257.50","1,257.50","1,266.20","1,257.50"
2005/11/28,"1,257.50","1,268.20","1,268.40","1,257.20"
2005/11/25,"1,268.20","1,265.60","1,268.80","1,265.50"
2005/11/23,"1,265.60","1,261.20","1,270.60","1,259.50"
2005/11/22,"1,261.20","1,254.80","1,261.90","1,251.40"
2005/11/21,"1,254.80","1,248.30","1,255.90","1,246.90"
2005/11/18,"1,248.30","1,242.80","1,249.60","1,240.70"
2005/11/17,"1,242.80","1,231.20","1,243.00","1,231.20"
2005/11/16,"1,231.20","1,229.00","1,232.20","1,227.20"
2005/11/15,"1,229.00","1,233.80","1,237.90","1,226.40"
2005/11/14,"1,233.80","1,234.70","1,237.20","1,231.80"
2005/11/11,"1,234.70","1,231.00","1,235.70","1,230.70"
2005/11/10,"1,231.00","1,220.70","1,232.40","1,215.00"
2005/11/9,"1,220.70","1,218.60","1,226.60","1,216.50"
2005/11/8,"1,218.60","1,222.80","1,222.80","1,216.10"
2005/11/7,"1,222.80","1,220.10","1,224.20","1,217.30"
2005/11/4,"1,220.10","1,219.90","1,222.50","1,214.50"
2005/11/3,"1,219.90","1,214.80","1,224.70","1,214.80"
2005/11/2,"1,214.80","1,202.80","1,215.20","1,201.10"
2005/11/1,"1,202.80","1,207.00","1,207.30","1,201.70"
2005/10/31,"1,207.00","1,198.40","1,211.40","1,198.40"
2005/10/28,"1,198.40","1,178.90","1,198.40","1,178.90"
2005/10/27,"1,178.90","1,191.40","1,192.70","1,178.90"
2005/10/26,"1,191.40","1,196.50","1,204.00","1,191.40"
2005/10/25,"1,196.50","1,199.40","1,201.30","1,189.30"
2005/10/24,"1,199.40","1,179.60","1,199.40","1,179.60"
2005/10/21,"1,179.60","1,177.80","1,186.50","1,174.90"
2005/10/20,"1,177.80","1,195.80","1,197.30","1,173.30"
2005/10/19,"1,195.80","1,178.10","1,195.80","1,170.50"
2005/10/18,"1,178.10","1,190.10","1,190.10","1,178.10"
2005/10/17,"1,190.10","1,186.60","1,191.20","1,184.50"
2005/10/14,"1,186.60","1,176.80","1,187.10","1,175.40"
2005/10/13,"1,176.80","1,177.70","1,179.60","1,168.20"
2005/10/12,"1,177.70","1,184.90","1,190.00","1,173.70"
2005/10/11,"1,184.90","1,187.30","1,193.10","1,183.20"
2005/10/10,"1,187.30","1,195.90","1,196.50","1,186.10"
2005/10/7,"1,195.90","1,191.50","1,199.70","1,191.50"
2005/10/6,"1,191.50","1,196.40","1,202.10","1,181.90"
2005/10/5,"1,196.40","1,214.50","1,214.50","1,196.20"
2005/10/4,"1,214.50","1,226.70","1,229.90","1,214.00"
2005/10/3,"1,226.70","1,228.80","1,233.30","1,225.20"
2005/9/30,"1,228.80","1,227.70","1,229.60","1,225.20"
2005/9/29,"1,227.70","1,216.90","1,228.70","1,211.50"
2005/9/28,"1,216.90","1,215.70","1,221.00","1,212.70"
2005/9/27,"1,215.70","1,215.60","1,220.20","1,211.10"
2005/9/26,"1,215.60","1,215.30","1,222.60","1,211.80"
2005/9/23,"1,215.30","1,214.60","1,218.80","1,209.80"
2005/9/22,"1,214.60","1,210.20","1,216.60","1,205.30"
2005/9/21,"1,210.20","1,221.30","1,221.50","1,209.90"
2005/9/20,"1,221.30","1,231.00","1,236.50","1,220.10"
2005/9/19,"1,231.00","1,237.90","1,237.90","1,227.70"
2005/9/16,"1,237.90","1,228.40","1,238.00","1,228.40"
2005/9/15,"1,227.70","1,227.20","1,231.90","1,224.80"
2005/9/14,"1,227.20","1,231.20","1,234.70","1,226.20"
2005/9/13,"1,231.20","1,240.60","1,240.60","1,231.20"
2005/9/12,"1,240.60","1,241.50","1,242.60","1,239.20"
2005/9/9,"1,241.50","1,231.70","1,243.10","1,231.70"
2005/9/8,"1,231.70","1,236.40","1,236.40","1,229.50"
2005/9/7,"1,236.40","1,233.40","1,237.10","1,230.90"
2005/9/6,"1,233.40","1,218.00","1,233.60","1,218.00"
2005/9/2,"1,218.00","1,221.60","1,224.50","1,217.80"
2005/9/1,"1,221.60","1,220.30","1,227.30","1,216.20"
2005/8/31,"1,220.30","1,208.40","1,220.40","1,204.40"
2005/8/30,"1,208.40","1,212.30","1,212.30","1,201.10"
2005/8/29,"1,212.30","1,205.10","1,214.30","1,201.50"
2005/8/26,"1,205.10","1,212.40","1,212.40","1,204.20"
2005/8/25,"1,212.40","1,209.60","1,213.70","1,209.60"
2005/8/24,"1,209.60","1,217.60","1,224.20","1,209.40"
2005/8/23,"1,217.60","1,221.70","1,223.00","1,214.40"
2005/8/22,"1,221.70","1,219.70","1,229.00","1,216.50"
2005/8/19,"1,219.70","1,219.00","1,225.10","1,219.00"
2005/8/18,"1,219.00","1,220.20","1,222.60","1,215.90"
2005/8/17,"1,220.20","1,219.30","1,225.60","1,218.10"
2005/8/16,"1,219.30","1,233.90","1,233.90","1,219.00"
2005/8/15,"1,233.90","1,230.40","1,236.20","1,226.20"
2005/8/12,"1,230.40","1,237.80","1,237.80","1,225.90"
2005/8/11,"1,237.80","1,229.10","1,237.80","1,228.30"
2005/8/10,"1,229.10","1,231.40","1,242.70","1,226.60"
2005/8/9,"1,231.40","1,223.10","1,234.10","1,223.10"
2005/8/8,"1,223.10","1,226.40","1,232.30","1,222.70"
2005/8/5,"1,226.40","1,235.90","1,235.90","1,225.60"
2005/8/4,"1,235.90","1,245.00","1,245.00","1,235.20"
2005/8/3,"1,245.00","1,244.10","1,245.90","1,240.60"
2005/8/2,"1,244.10","1,235.30","1,244.70","1,235.30"
2005/8/1,"1,235.30","1,234.20","1,239.10","1,233.80"
2005/7/29,"1,234.20","1,243.70","1,245.00","1,234.20"
2005/7/28,"1,243.70","1,236.80","1,245.20","1,235.80"
2005/7/27,"1,236.80","1,231.20","1,237.60","1,230.20"
2005/7/26,"1,231.20","1,229.00","1,234.40","1,229.00"
2005/7/25,"1,229.00","1,233.70","1,238.40","1,228.20"
2005/7/22,"1,233.70","1,227.00","1,234.20","1,226.20"
2005/7/21,"1,227.00","1,235.20","1,235.80","1,224.70"
2005/7/20,"1,235.20","1,229.30","1,236.60","1,222.90"
2005/7/19,"1,229.30","1,221.10","1,230.30","1,221.10"
2005/7/18,"1,221.10","1,227.90","1,227.90","1,221.10"
2005/7/15,"1,227.90","1,226.50","1,229.50","1,223.50"
2005/7/14,"1,226.50","1,223.30","1,233.20","1,223.30"
2005/7/13,"1,223.30","1,222.20","1,224.50","1,219.60"
2005/7/12,"1,222.20","1,219.40","1,225.50","1,216.60"
2005/7/11,"1,219.40","1,211.90","1,220.00","1,211.90"
2005/7/8,"1,211.90","1,197.90","1,212.70","1,197.20"
2005/7/7,"1,197.90","1,194.90","1,198.50","1,183.50"
2005/7/6,"1,194.90","1,205.00","1,206.10","1,194.80"
2005/7/5,"1,205.00","1,194.40","1,206.30","1,192.50"
2005/7/1,"1,194.40","1,191.30","1,197.90","1,191.30"
2005/6/30,"1,191.30","1,199.80","1,203.30","1,190.50"
2005/6/29,"1,199.80","1,201.60","1,204.10","1,198.70"
2005/6/28,"1,201.60","1,190.70","1,202.50","1,190.70"
2005/6/27,"1,190.70","1,191.60","1,194.30","1,188.30"
2005/6/24,"1,191.60","1,200.70","1,200.90","1,191.50"
2005/6/23,"1,200.70","1,213.90","1,216.50","1,200.70"
2005/6/22,"1,213.90","1,213.60","1,219.60","1,211.70"
2005/6/21,"1,213.60","1,216.10","1,217.10","1,211.90"
2005/6/20,"1,216.10","1,217.00","1,219.10","1,210.70"
2005/6/17,"1,217.00","1,210.90","1,219.50","1,210.90"
2005/6/16,"1,211.00","1,206.50","1,212.10","1,205.50"
2005/6/15,"1,206.60","1,203.90","1,208.10","1,198.70"
2005/6/14,"1,203.90","1,200.80","1,207.50","1,200.20"
2005/6/13,"1,200.80","1,198.10","1,206.00","1,194.50"
2005/6/10,"1,198.10","1,200.90","1,202.80","1,192.60"
2005/6/9,"1,200.90","1,194.70","1,201.90","1,191.10"
2005/6/8,"1,194.70","1,197.30","1,202.00","1,193.30"
2005/6/7,"1,197.30","1,197.50","1,208.80","1,197.30"
2005/6/6,"1,197.50","1,196.00","1,198.80","1,192.80"
2005/6/3,"1,196.00","1,204.30","1,205.10","1,194.50"
2005/6/2,"1,204.30","1,202.30","1,204.70","1,198.40"
2005/6/1,"1,202.30","1,191.50","1,205.60","1,191.00"
2005/5/31,"1,191.50","1,198.80","1,198.80","1,191.50"
2005/5/27,"1,198.80","1,197.60","1,199.60","1,195.30"
2005/5/26,"1,197.60","1,190.00","1,199.00","1,190.00"
2005/5/25,"1,190.00","1,194.10","1,194.10","1,186.00"
2005/5/24,"1,194.10","1,193.90","1,195.30","1,189.90"
2005/5/23,"1,193.90","1,189.30","1,197.40","1,188.80"
2005/5/20,"1,189.30","1,191.10","1,191.20","1,185.20"
2005/5/19,"1,191.10","1,185.60","1,191.10","1,184.50"
2005/5/18,"1,185.60","1,173.80","1,187.90","1,173.80"
2005/5/17,"1,173.80","1,165.70","1,174.30","1,159.90"
2005/5/16,"1,165.70","1,154.00","1,165.80","1,153.60"
2005/5/13,"1,154.00","1,159.40","1,163.80","1,146.20"
2005/5/12,"1,159.40","1,171.10","1,173.40","1,157.80"
2005/5/11,"1,171.10","1,166.20","1,171.80","1,157.70"
2005/5/10,"1,166.20","1,178.80","1,178.80","1,163.00"
2005/5/9,"1,178.80","1,171.30","1,178.90","1,169.40"
2005/5/6,"1,171.30","1,172.60","1,177.80","1,170.50"
2005/5/5,"1,172.60","1,175.70","1,178.60","1,166.80"
2005/5/4,"1,175.70","1,161.20","1,176.00","1,161.20"
2005/5/3,"1,161.20","1,162.20","1,166.90","1,156.70"
2005/5/2,"1,162.20","1,156.80","1,162.90","1,154.70"
2005/4/29,"1,156.80","1,143.20","1,157.00","1,139.20"
2005/4/28,"1,143.20","1,156.40","1,156.40","1,143.20"
2005/4/27,"1,156.40","1,151.70","1,159.90","1,144.40"
2005/4/26,"1,151.70","1,162.10","1,164.80","1,151.70"
2005/4/25,"1,162.10","1,152.10","1,164.00","1,152.10"
2005/4/22,"1,152.10","1,160.00","1,160.00","1,143.00"
2005/4/21,"1,160.00","1,137.50","1,160.00","1,137.50"
2005/4/20,"1,137.50","1,152.80","1,155.50","1,136.20"
2005/4/19,"1,152.80","1,146.00","1,154.70","1,146.00"
2005/4/18,"1,146.00","1,142.60","1,148.90","1,139.80"
2005/4/15,"1,142.60","1,162.00","1,162.00","1,141.90"
2005/4/14,"1,162.00","1,173.80","1,174.70","1,161.70"
2005/4/13,"1,173.80","1,187.80","1,187.80","1,171.40"
2005/4/12,"1,187.80","1,181.20","1,190.20","1,170.80"
2005/4/11,"1,181.20","1,181.20","1,184.10","1,178.70"
2005/4/8,"1,181.20","1,191.10","1,191.80","1,181.10"
2005/4/7,"1,191.10","1,184.10","1,191.90","1,183.80"
2005/4/6,"1,184.10","1,181.40","1,189.30","1,181.40"
2005/4/5,"1,181.40","1,176.10","1,183.60","1,176.10"
2005/4/4,"1,176.10","1,172.80","1,178.60","1,167.70"
2005/4/1,"1,172.90","1,180.60","1,189.80","1,169.90"
2005/3/31,"1,180.60","1,181.40","1,184.50","1,179.50"
2005/3/30,"1,181.40","1,165.40","1,181.50","1,165.40"
2005/3/29,"1,165.40","1,174.30","1,179.40","1,163.70"
2005/3/28,"1,174.30","1,171.40","1,179.90","1,171.40"
2005/3/24,"1,171.40","1,172.50","1,180.10","1,171.40"
2005/3/23,"1,172.50","1,171.70","1,176.30","1,168.70"
2005/3/22,"1,171.70","1,183.80","1,189.60","1,171.60"
2005/3/21,"1,183.80","1,189.70","1,189.70","1,178.80"
2005/3/18,"1,189.70","1,190.20","1,192.00","1,182.80"
2005/3/17,"1,190.20","1,188.10","1,193.30","1,186.30"
2005/3/16,"1,188.10","1,197.80","1,197.80","1,185.60"
2005/3/15,"1,197.80","1,206.80","1,210.50","1,197.80"
2005/3/14,"1,206.80","1,200.10","1,206.80","1,199.50"
2005/3/11,"1,200.10","1,209.20","1,213.00","1,198.20"
2005/3/10,"1,209.20","1,207.00","1,211.20","1,201.40"
2005/3/9,"1,207.00","1,219.40","1,219.40","1,206.70"
2005/3/8,"1,219.40","1,225.30","1,225.70","1,218.60"
2005/3/7,"1,225.30","1,222.10","1,229.10","1,222.10"
2005/3/4,"1,222.10","1,210.50","1,224.80","1,210.50"
2005/3/3,"1,210.50","1,210.10","1,215.70","1,204.50"
2005/3/2,"1,210.10","1,210.40","1,215.80","1,204.20"
2005/3/1,"1,210.40","1,203.60","1,212.20","1,203.60"
2005/2/28,"1,203.60","1,211.40","1,211.40","1,198.10"
2005/2/25,"1,211.40","1,200.20","1,212.20","1,199.60"
2005/2/24,"1,200.20","1,190.80","1,200.40","1,187.80"
2005/2/23,"1,190.80","1,184.20","1,193.50","1,184.20"
2005/2/22,"1,184.20","1,201.60","1,202.50","1,184.20"
2005/2/18,"1,201.60","1,200.80","1,202.90","1,197.30"
2005/2/17,"1,200.80","1,210.30","1,211.30","1,200.70"
2005/2/16,"1,210.30","1,210.10","1,212.40","1,205.10"
2005/2/15,"1,210.10","1,206.10","1,212.40","1,205.50"
2005/2/14,"1,206.10","1,205.30","1,206.90","1,203.60"
2005/2/11,"1,205.30","1,197.00","1,208.40","1,193.30"
2005/2/10,"1,197.00","1,192.00","1,198.80","1,191.50"
2005/2/9,"1,192.00","1,202.30","1,203.80","1,191.50"
2005/2/8,"1,202.30","1,201.70","1,205.10","1,200.20"
2005/2/7,"1,201.70","1,203.00","1,204.20","1,199.30"
2005/2/4,"1,203.00","1,189.90","1,203.50","1,189.70"
2005/2/3,"1,189.90","1,193.20","1,193.20","1,185.60"
2005/2/2,"1,193.20","1,189.40","1,195.20","1,188.90"
2005/2/1,"1,189.40","1,181.30","1,190.40","1,181.00"
2005/1/31,"1,181.30","1,171.40","1,182.10","1,171.40"
2005/1/28,"1,171.40","1,174.50","1,175.60","1,166.30"
2005/1/27,"1,174.50","1,174.10","1,177.50","1,170.20"
2005/1/26,"1,174.10","1,168.40","1,176.00","1,168.40"
2005/1/25,"1,168.40","1,163.80","1,174.30","1,163.80"
2005/1/24,"1,163.80","1,167.90","1,173.20","1,163.80"
2005/1/21,"1,167.90","1,175.40","1,179.50","1,167.80"
2005/1/20,"1,175.40","1,184.60","1,184.60","1,173.40"
2005/1/19,"1,184.60","1,196.00","1,196.00","1,184.40"
2005/1/18,"1,196.00","1,184.50","1,196.00","1,180.10"
2005/1/14,"1,184.50","1,177.50","1,185.20","1,177.50"
2005/1/13,"1,177.50","1,187.70","1,187.70","1,175.60"
2005/1/12,"1,187.70","1,183.00","1,188.00","1,175.60"
2005/1/11,"1,183.00","1,190.20","1,190.20","1,180.40"
2005/1/10,"1,190.20","1,186.20","1,194.80","1,184.80"
2005/1/7,"1,186.20","1,187.90","1,192.20","1,182.10"
2005/1/6,"1,187.90","1,183.70","1,191.60","1,183.20"
2005/1/5,"1,183.70","1,188.00","1,192.80","1,183.70"
2005/1/4,"1,188.00","1,202.10","1,205.80","1,185.40"
2005/1/3,"1,202.10","1,211.90","1,217.90","1,200.30"
